"time_seconds","time_minutes","time_hours","Q_m3_s"
0,0,0,0
5,0.0833333333333333,0.00138888888888889,41.02
10,0.166666666666667,0.00277777777777778,114.6
15,0.25,0.00416666666666667,207.97
20,0.333333333333333,0.00555555555555556,316.28
25,0.416666666666667,0.00694444444444444,436.64
30,0.5,0.00833333333333333,566.98
35,0.583333333333333,0.00972222222222222,705.78
40,0.666666666666667,0.0111111111111111,851.79
45,0.75,0.0125,1004.02
50,0.833333333333333,0.0138888888888889,1161.59
55,0.916666666666667,0.0152777777777778,1323.8
60,1,0.0166666666666667,1489.98
65,1.08333333333333,0.0180555555555556,1659.6
70,1.16666666666667,0.0194444444444444,1832.13
75,1.25,0.0208333333333333,2007.15
80,1.33333333333333,0.0222222222222222,2184.24
85,1.41666666666667,0.0236111111111111,2363.04
90,1.5,0.025,2543.23
95,1.58333333333333,0.0263888888888889,2724.49
100,1.66666666666667,0.0277777777777778,2906.54
105,1.75,0.0291666666666667,3089.15
110,1.83333333333333,0.0305555555555556,3272.06
115,1.91666666666667,0.0319444444444444,3455.07
120,2,0.0333333333333333,3637.98
125,2.08333333333333,0.0347222222222222,3820.59
130,2.16666666666667,0.0361111111111111,4002.75
135,2.25,0.0375,4184.29
140,2.33333333333333,0.0388888888888889,4365.07
145,2.41666666666667,0.0402777777777778,4544.95
150,2.5,0.0416666666666667,4723.8
155,2.58333333333333,0.0430555555555556,4901.51
160,2.66666666666667,0.0444444444444444,5077.97
165,2.75,0.0458333333333333,5253.08
170,2.83333333333333,0.0472222222222222,5426.74
175,2.91666666666667,0.0486111111111111,5598.87
180,3,0.05,5769.39
185,3.08333333333333,0.0513888888888889,5938.22
190,3.16666666666667,0.0527777777777778,6105.3
195,3.25,0.0541666666666667,6270.56
200,3.33333333333333,0.0555555555555556,6433.94
205,3.41666666666667,0.0569444444444444,6595.39
210,3.5,0.0583333333333333,6754.86
215,3.58333333333333,0.0597222222222222,6912.31
220,3.66666666666667,0.0611111111111111,7067.69
225,3.75,0.0625,7220.96
230,3.83333333333333,0.0638888888888889,7372.09
235,3.91666666666667,0.0652777777777778,7521.05
240,4,0.0666666666666667,7667.81
245,4.08333333333333,0.0680555555555555,7812.34
250,4.16666666666667,0.0694444444444444,7954.63
255,4.25,0.0708333333333333,8094.65
260,4.33333333333333,0.0722222222222222,8232.38
265,4.41666666666667,0.0736111111111111,8367.81
270,4.5,0.075,8500.93
275,4.58333333333333,0.0763888888888889,8631.73
280,4.66666666666667,0.0777777777777778,8760.19
285,4.75,0.0791666666666667,8886.31
290,4.83333333333333,0.0805555555555556,9010.09
295,4.91666666666667,0.0819444444444444,9131.51
300,5,0.0833333333333333,9250.59
305,5.08333333333333,0.0847222222222222,9367.31
310,5.16666666666667,0.0861111111111111,9481.68
315,5.25,0.0875,9593.71
320,5.33333333333333,0.0888888888888889,9703.39
325,5.41666666666667,0.0902777777777778,9810.73
330,5.5,0.0916666666666667,9915.74
335,5.58333333333333,0.0930555555555556,10018.41
340,5.66666666666667,0.0944444444444444,10118.77
345,5.75,0.0958333333333333,10216.83
350,5.83333333333333,0.0972222222222222,10312.58
355,5.91666666666667,0.0986111111111111,10406.04
360,6,0.1,10497.22
365,6.08333333333333,0.101388888888889,10586.14
370,6.16666666666667,0.102777777777778,10672.81
375,6.25,0.104166666666667,10757.24
380,6.33333333333333,0.105555555555556,10839.45
385,6.41666666666667,0.106944444444444,10919.44
390,6.5,0.108333333333333,10997.25
395,6.58333333333333,0.109722222222222,11072.88
400,6.66666666666667,0.111111111111111,11146.35
405,6.75,0.1125,11217.68
410,6.83333333333333,0.113888888888889,11286.88
415,6.91666666666667,0.115277777777778,11353.98
420,7,0.116666666666667,11418.99
425,7.08333333333333,0.118055555555556,11481.93
430,7.16666666666667,0.119444444444444,11542.82
435,7.25,0.120833333333333,11601.68
440,7.33333333333333,0.122222222222222,11658.53
445,7.41666666666667,0.123611111111111,11713.39
450,7.5,0.125,11766.28
455,7.58333333333333,0.126388888888889,11817.22
460,7.66666666666667,0.127777777777778,11866.23
465,7.75,0.129166666666667,11913.33
470,7.83333333333333,0.130555555555556,11958.54
475,7.91666666666667,0.131944444444444,12001.89
480,8,0.133333333333333,12043.39
485,8.08333333333333,0.134722222222222,12083.07
490,8.16666666666667,0.136111111111111,12120.95
495,8.25,0.1375,12157.05
500,8.33333333333333,0.138888888888889,12191.38
505,8.41666666666667,0.140277777777778,12223.99
510,8.5,0.141666666666667,12254.87
515,8.58333333333333,0.143055555555556,12284.07
520,8.66666666666667,0.144444444444444,12311.59
525,8.75,0.145833333333333,12337.46
530,8.83333333333333,0.147222222222222,12361.71
535,8.91666666666667,0.148611111111111,12384.34
540,9,0.15,12405.4
545,9.08333333333333,0.151388888888889,12424.89
550,9.16666666666667,0.152777777777778,12442.84
555,9.25,0.154166666666667,12459.28
560,9.33333333333333,0.155555555555556,12474.21
565,9.41666666666667,0.156944444444444,12487.68
570,9.5,0.158333333333333,12499.68
575,9.58333333333333,0.159722222222222,12510.26
580,9.66666666666667,0.161111111111111,12519.42
585,9.75,0.1625,12527.19
590,9.83333333333333,0.163888888888889,12533.6
595,9.91666666666667,0.165277777777778,12538.65
600,10,0.166666666666667,12542.39
605,10.0833333333333,0.168055555555556,12544.81
610,10.1666666666667,0.169444444444444,12545.95
615,10.25,0.170833333333333,12545.83
620,10.3333333333333,0.172222222222222,12544.46
625,10.4166666666667,0.173611111111111,12541.86
630,10.5,0.175,12538.07
635,10.5833333333333,0.176388888888889,12533.09
640,10.6666666666667,0.177777777777778,12526.95
645,10.75,0.179166666666667,12519.67
650,10.8333333333333,0.180555555555556,12511.26
655,10.9166666666667,0.181944444444444,12501.74
660,11,0.183333333333333,12491.15
665,11.0833333333333,0.184722222222222,12479.48
670,11.1666666666667,0.186111111111111,12466.78
675,11.25,0.1875,12453.04
680,11.3333333333333,0.188888888888889,12438.29
685,11.4166666666667,0.190277777777778,12422.56
690,11.5,0.191666666666667,12405.85
695,11.5833333333333,0.193055555555556,12388.19
700,11.6666666666667,0.194444444444444,12369.6
705,11.75,0.195833333333333,12350.09
710,11.8333333333333,0.197222222222222,12329.67
715,11.9166666666667,0.198611111111111,12308.38
720,12,0.2,12286.22
725,12.0833333333333,0.201388888888889,12263.22
730,12.1666666666667,0.202777777777778,12239.38
735,12.25,0.204166666666667,12214.73
740,12.3333333333333,0.205555555555556,12189.28
745,12.4166666666667,0.206944444444444,12163.06
750,12.5,0.208333333333333,12136.07
755,12.5833333333333,0.209722222222222,12108.33
760,12.6666666666667,0.211111111111111,12079.87
765,12.75,0.2125,12050.68
770,12.8333333333333,0.213888888888889,12020.8
775,12.9166666666667,0.215277777777778,11990.23
780,13,0.216666666666667,11958.99
785,13.0833333333333,0.218055555555556,11927.1
790,13.1666666666667,0.219444444444444,11894.57
795,13.25,0.220833333333333,11861.42
800,13.3333333333333,0.222222222222222,11827.66
805,13.4166666666667,0.223611111111111,11793.3
810,13.5,0.225,11758.36
815,13.5833333333333,0.226388888888889,11722.86
820,13.6666666666667,0.227777777777778,11686.8
825,13.75,0.229166666666667,11650.2
830,13.8333333333333,0.230555555555556,11613.08
835,13.9166666666667,0.231944444444444,11575.45
840,14,0.233333333333333,11537.32
845,14.0833333333333,0.234722222222222,11498.7
850,14.1666666666667,0.236111111111111,11459.61
855,14.25,0.2375,11420.06
860,14.3333333333333,0.238888888888889,11380.06
865,14.4166666666667,0.240277777777778,11339.63
870,14.5,0.241666666666667,11298.78
875,14.5833333333333,0.243055555555556,11257.51
880,14.6666666666667,0.244444444444444,11215.85
885,14.75,0.245833333333333,11173.8
890,14.8333333333333,0.247222222222222,11131.37
895,14.9166666666667,0.248611111111111,11088.58
900,15,0.25,11045.44
905,15.0833333333333,0.251388888888889,11001.95
910,15.1666666666667,0.252777777777778,10958.14
915,15.25,0.254166666666667,10914
920,15.3333333333333,0.255555555555556,10869.56
925,15.4166666666667,0.256944444444444,10824.82
930,15.5,0.258333333333333,10779.78
935,15.5833333333333,0.259722222222222,10734.48
940,15.6666666666667,0.261111111111111,10688.9
945,15.75,0.2625,10643.06
950,15.8333333333333,0.263888888888889,10596.98
955,15.9166666666667,0.265277777777778,10550.66
960,16,0.266666666666667,10504.11
965,16.0833333333333,0.268055555555556,10457.33
970,16.1666666666667,0.269444444444444,10410.35
975,16.25,0.270833333333333,10363.17
980,16.3333333333333,0.272222222222222,10315.79
985,16.4166666666667,0.273611111111111,10268.23
990,16.5,0.275,10220.49
995,16.5833333333333,0.276388888888889,10172.58
1000,16.6666666666667,0.277777777777778,10124.52
1005,16.75,0.279166666666667,10076.3
1010,16.8333333333333,0.280555555555556,10027.95
1015,16.9166666666667,0.281944444444444,9979.45
1020,17,0.283333333333333,9930.83
1025,17.0833333333333,0.284722222222222,9882.09
1030,17.1666666666667,0.286111111111111,9833.24
1035,17.25,0.2875,9784.29
1040,17.3333333333333,0.288888888888889,9735.24
1045,17.4166666666667,0.290277777777778,9686.09
1050,17.5,0.291666666666667,9636.87
1055,17.5833333333333,0.293055555555556,9587.57
1060,17.6666666666667,0.294444444444444,9538.2
1065,17.75,0.295833333333333,9488.77
1070,17.8333333333333,0.297222222222222,9439.28
1075,17.9166666666667,0.298611111111111,9389.74
1080,18,0.3,9340.16
1085,18.0833333333333,0.301388888888889,9290.54
1090,18.1666666666667,0.302777777777778,9240.89
1095,18.25,0.304166666666667,9191.22
1100,18.3333333333333,0.305555555555556,9141.53
1105,18.4166666666667,0.306944444444444,9091.82
1110,18.5,0.308333333333333,9042.11
1115,18.5833333333333,0.309722222222222,8992.39
1120,18.6666666666667,0.311111111111111,8942.68
1125,18.75,0.3125,8892.98
1130,18.8333333333333,0.313888888888889,8843.29
1135,18.9166666666667,0.315277777777778,8793.62
1140,19,0.316666666666667,8743.98
1145,19.0833333333333,0.318055555555556,8694.36
1150,19.1666666666667,0.319444444444444,8644.78
1155,19.25,0.320833333333333,8595.24
1160,19.3333333333333,0.322222222222222,8545.74
1165,19.4166666666667,0.323611111111111,8496.29
1170,19.5,0.325,8446.9
1175,19.5833333333333,0.326388888888889,8397.56
1180,19.6666666666667,0.327777777777778,8348.28
1185,19.75,0.329166666666667,8299.06
1190,19.8333333333333,0.330555555555556,8249.92
1195,19.9166666666667,0.331944444444444,8200.85
1200,20,0.333333333333333,8151.86
1205,20.0833333333333,0.334722222222222,8102.95
1210,20.1666666666667,0.336111111111111,8054.13
1215,20.25,0.3375,8005.39
1220,20.3333333333333,0.338888888888889,7956.75
1225,20.4166666666667,0.340277777777778,7908.2
1230,20.5,0.341666666666667,7859.76
1235,20.5833333333333,0.343055555555556,7811.41
1240,20.6666666666667,0.344444444444444,7763.18
1245,20.75,0.345833333333333,7715.05
1250,20.8333333333333,0.347222222222222,7667.04
1255,20.9166666666667,0.348611111111111,7619.14
1260,21,0.35,7571.36
1265,21.0833333333333,0.351388888888889,7523.7
1270,21.1666666666667,0.352777777777778,7476.17
1275,21.25,0.354166666666667,7428.77
1280,21.3333333333333,0.355555555555556,7381.49
1285,21.4166666666667,0.356944444444444,7334.35
1290,21.5,0.358333333333333,7287.34
1295,21.5833333333333,0.359722222222222,7240.48
1300,21.6666666666667,0.361111111111111,7193.75
1305,21.75,0.3625,7147.16
1310,21.8333333333333,0.363888888888889,7100.72
1315,21.9166666666667,0.365277777777778,7054.43
1320,22,0.366666666666667,7008.29
1325,22.0833333333333,0.368055555555556,6962.3
1330,22.1666666666667,0.369444444444444,6916.47
1335,22.25,0.370833333333333,6870.79
1340,22.3333333333333,0.372222222222222,6825.26
1345,22.4166666666667,0.373611111111111,6779.9
1350,22.5,0.375,6734.7
1355,22.5833333333333,0.376388888888889,6689.67
1360,22.6666666666667,0.377777777777778,6644.8
1365,22.75,0.379166666666667,6600.09
1370,22.8333333333333,0.380555555555556,6555.56
1375,22.9166666666667,0.381944444444444,6511.19
1380,23,0.383333333333333,6467
1385,23.0833333333333,0.384722222222222,6422.98
1390,23.1666666666667,0.386111111111111,6379.14
1395,23.25,0.3875,6335.47
1400,23.3333333333333,0.388888888888889,6291.98
1405,23.4166666666667,0.390277777777778,6248.67
1410,23.5,0.391666666666667,6205.54
1415,23.5833333333333,0.393055555555556,6162.59
1420,23.6666666666667,0.394444444444444,6119.83
1425,23.75,0.395833333333333,6077.24
1430,23.8333333333333,0.397222222222222,6034.84
1435,23.9166666666667,0.398611111111111,5992.63
1440,24,0.4,5950.61
1445,24.0833333333333,0.401388888888889,5908.77
1450,24.1666666666667,0.402777777777778,5867.12
1455,24.25,0.404166666666667,5825.66
1460,24.3333333333333,0.405555555555556,5784.39
1465,24.4166666666667,0.406944444444444,5743.32
1470,24.5,0.408333333333333,5702.43
1475,24.5833333333333,0.409722222222222,5661.74
1480,24.6666666666667,0.411111111111111,5621.24
1485,24.75,0.4125,5580.94
1490,24.8333333333333,0.413888888888889,5540.83
1495,24.9166666666667,0.415277777777778,5500.91
1500,25,0.416666666666667,5461.19
1505,25.0833333333333,0.418055555555556,5421.67
1510,25.1666666666667,0.419444444444444,5382.35
1515,25.25,0.420833333333333,5343.22
1520,25.3333333333333,0.422222222222222,5304.29
1525,25.4166666666667,0.423611111111111,5265.56
1530,25.5,0.425,5227.02
1535,25.5833333333333,0.426388888888889,5188.69
1540,25.6666666666667,0.427777777777778,5150.55
1545,25.75,0.429166666666667,5112.62
1550,25.8333333333333,0.430555555555556,5074.88
1555,25.9166666666667,0.431944444444444,5037.35
1560,26,0.433333333333333,5000.01
1565,26.0833333333333,0.434722222222222,4962.87
1570,26.1666666666667,0.436111111111111,4925.94
1575,26.25,0.4375,4889.2
1580,26.3333333333333,0.438888888888889,4852.67
1585,26.4166666666667,0.440277777777778,4816.33
1590,26.5,0.441666666666667,4780.2
1595,26.5833333333333,0.443055555555556,4744.27
1600,26.6666666666667,0.444444444444444,4708.54
1605,26.75,0.445833333333333,4673.01
1610,26.8333333333333,0.447222222222222,4637.68
1615,26.9166666666667,0.448611111111111,4602.55
1620,27,0.45,4567.62
1625,27.0833333333333,0.451388888888889,4532.89
1630,27.1666666666667,0.452777777777778,4498.36
1635,27.25,0.454166666666667,4464.03
1640,27.3333333333333,0.455555555555556,4429.9
1645,27.4166666666667,0.456944444444444,4395.97
1650,27.5,0.458333333333333,4362.24
1655,27.5833333333333,0.459722222222222,4328.71
1660,27.6666666666667,0.461111111111111,4295.38
1665,27.75,0.4625,4262.24
1670,27.8333333333333,0.463888888888889,4229.31
1675,27.9166666666667,0.465277777777778,4196.57
1680,28,0.466666666666667,4164.03
1685,28.0833333333333,0.468055555555556,4131.69
1690,28.1666666666667,0.469444444444444,4099.55
1695,28.25,0.470833333333333,4067.6
1700,28.3333333333333,0.472222222222222,4035.85
1705,28.4166666666667,0.473611111111111,4004.29
1710,28.5,0.475,3972.93
1715,28.5833333333333,0.476388888888889,3941.77
1720,28.6666666666667,0.477777777777778,3910.79
1725,28.75,0.479166666666667,3880.02
1730,28.8333333333333,0.480555555555556,3849.44
1735,28.9166666666667,0.481944444444444,3819.05
1740,29,0.483333333333333,3788.85
1745,29.0833333333333,0.484722222222222,3758.84
1750,29.1666666666667,0.486111111111111,3729.03
1755,29.25,0.4875,3699.41
1760,29.3333333333333,0.488888888888889,3669.98
1765,29.4166666666667,0.490277777777778,3640.74
1770,29.5,0.491666666666667,3611.69
1775,29.5833333333333,0.493055555555556,3582.82
1780,29.6666666666667,0.494444444444444,3554.15
1785,29.75,0.495833333333333,3525.66
1790,29.8333333333333,0.497222222222222,3497.36
1795,29.9166666666667,0.498611111111111,3469.25
1800,30,0.5,3441.32
1805,30.0833333333333,0.501388888888889,3413.58
1810,30.1666666666667,0.502777777777778,3386.02
1815,30.25,0.504166666666667,3358.65
1820,30.3333333333333,0.505555555555556,3331.46
1825,30.4166666666667,0.506944444444444,3304.45
1830,30.5,0.508333333333333,3277.63
1835,30.5833333333333,0.509722222222222,3250.99
1840,30.6666666666667,0.511111111111111,3224.52
1845,30.75,0.5125,3198.24
1850,30.8333333333333,0.513888888888889,3172.14
1855,30.9166666666667,0.515277777777778,3146.21
1860,31,0.516666666666667,3120.46
1865,31.0833333333333,0.518055555555556,3094.89
1870,31.1666666666667,0.519444444444444,3069.5
1875,31.25,0.520833333333333,3044.28
1880,31.3333333333333,0.522222222222222,3019.24
1885,31.4166666666667,0.523611111111111,2994.37
1890,31.5,0.525,2969.68
1895,31.5833333333333,0.526388888888889,2945.15
1900,31.6666666666667,0.527777777777778,2920.8
1905,31.75,0.529166666666667,2896.62
1910,31.8333333333333,0.530555555555556,2872.61
1915,31.9166666666667,0.531944444444444,2848.78
1920,32,0.533333333333333,2825.11
1925,32.0833333333333,0.534722222222222,2801.6
1930,32.1666666666667,0.536111111111111,2778.27
1935,32.25,0.5375,2755.1
1940,32.3333333333333,0.538888888888889,2732.1
1945,32.4166666666667,0.540277777777778,2709.26
1950,32.5,0.541666666666667,2686.59
1955,32.5833333333333,0.543055555555556,2664.08
1960,32.6666666666667,0.544444444444444,2641.73
1965,32.75,0.545833333333333,2619.55
1970,32.8333333333333,0.547222222222222,2597.53
1975,32.9166666666667,0.548611111111111,2575.66
1980,33,0.55,2553.96
1985,33.0833333333333,0.551388888888889,2532.41
1990,33.1666666666667,0.552777777777778,2511.03
1995,33.25,0.554166666666667,2489.8
2000,33.3333333333333,0.555555555555556,2468.72
2005,33.4166666666667,0.556944444444444,2447.8
2010,33.5,0.558333333333333,2427.04
2015,33.5833333333333,0.559722222222222,2406.43
2020,33.6666666666667,0.561111111111111,2385.97
2025,33.75,0.5625,2365.67
2030,33.8333333333333,0.563888888888889,2345.51
2035,33.9166666666667,0.565277777777778,2325.51
2040,34,0.566666666666667,2305.66
2045,34.0833333333333,0.568055555555556,2285.95
2050,34.1666666666667,0.569444444444444,2266.39
2055,34.25,0.570833333333333,2246.99
2060,34.3333333333333,0.572222222222222,2227.72
2065,34.4166666666667,0.573611111111111,2208.61
2070,34.5,0.575,2189.63
2075,34.5833333333333,0.576388888888889,2170.8
2080,34.6666666666667,0.577777777777778,2152.12
2085,34.75,0.579166666666667,2133.58
2090,34.8333333333333,0.580555555555556,2115.17
2095,34.9166666666667,0.581944444444444,2096.91
2100,35,0.583333333333333,2078.79
2105,35.0833333333333,0.584722222222222,2060.81
2110,35.1666666666667,0.586111111111111,2042.97
2115,35.25,0.5875,2025.26
2120,35.3333333333333,0.588888888888889,2007.69
2125,35.4166666666667,0.590277777777778,1990.26
2130,35.5,0.591666666666667,1972.96
2135,35.5833333333333,0.593055555555556,1955.8
2140,35.6666666666667,0.594444444444444,1938.76
2145,35.75,0.595833333333333,1921.87
2150,35.8333333333333,0.597222222222222,1905.1
2155,35.9166666666667,0.598611111111111,1888.46
2160,36,0.6,1871.96
2165,36.0833333333333,0.601388888888889,1855.58
2170,36.1666666666667,0.602777777777778,1839.33
2175,36.25,0.604166666666667,1823.21
2180,36.3333333333333,0.605555555555556,1807.22
2185,36.4166666666667,0.606944444444444,1791.35
2190,36.5,0.608333333333333,1775.61
2195,36.5833333333333,0.609722222222222,1760
2200,36.6666666666667,0.611111111111111,1744.5
2205,36.75,0.6125,1729.13
2210,36.8333333333333,0.613888888888889,1713.88
2215,36.9166666666667,0.615277777777778,1698.76
2220,37,0.616666666666667,1683.75
2225,37.0833333333333,0.618055555555556,1668.87
2230,37.1666666666667,0.619444444444444,1654.1
2235,37.25,0.620833333333333,1639.45
2240,37.3333333333333,0.622222222222222,1624.92
2245,37.4166666666667,0.623611111111111,1610.5
2250,37.5,0.625,1596.21
2255,37.5833333333333,0.626388888888889,1582.02
2260,37.6666666666667,0.627777777777778,1567.95
2265,37.75,0.629166666666667,1554
2270,37.8333333333333,0.630555555555556,1540.16
2275,37.9166666666667,0.631944444444444,1526.43
2280,38,0.633333333333333,1512.81
2285,38.0833333333333,0.634722222222222,1499.3
2290,38.1666666666667,0.636111111111111,1485.9
2295,38.25,0.6375,1472.61
2300,38.3333333333333,0.638888888888889,1459.43
2305,38.4166666666667,0.640277777777778,1446.36
2310,38.5,0.641666666666667,1433.4
2315,38.5833333333333,0.643055555555556,1420.54
2320,38.6666666666667,0.644444444444444,1407.78
2325,38.75,0.645833333333333,1395.13
2330,38.8333333333333,0.647222222222222,1382.59
2335,38.9166666666667,0.648611111111111,1370.15
2340,39,0.65,1357.81
2345,39.0833333333333,0.651388888888889,1345.57
2350,39.1666666666667,0.652777777777778,1333.44
2355,39.25,0.654166666666667,1321.4
2360,39.3333333333333,0.655555555555556,1309.47
2365,39.4166666666667,0.656944444444444,1297.63
2370,39.5,0.658333333333333,1285.89
2375,39.5833333333333,0.659722222222222,1274.25
2380,39.6666666666667,0.661111111111111,1262.71
2385,39.75,0.6625,1251.26
2390,39.8333333333333,0.663888888888889,1239.91
2395,39.9166666666667,0.665277777777778,1228.65
2400,40,0.666666666666667,1217.49
2405,40.0833333333333,0.668055555555556,1206.42
2410,40.1666666666667,0.669444444444444,1195.44
2415,40.25,0.670833333333333,1184.56
2420,40.3333333333333,0.672222222222222,1173.77
2425,40.4166666666667,0.673611111111111,1163.07
2430,40.5,0.675,1152.46
2435,40.5833333333333,0.676388888888889,1141.93
2440,40.6666666666667,0.677777777777778,1131.5
2445,40.75,0.679166666666667,1121.16
2450,40.8333333333333,0.680555555555556,1110.9
2455,40.9166666666667,0.681944444444444,1100.73
2460,41,0.683333333333333,1090.65
2465,41.0833333333333,0.684722222222222,1080.65
2470,41.1666666666667,0.686111111111111,1070.74
2475,41.25,0.6875,1060.91
2480,41.3333333333333,0.688888888888889,1051.16
2485,41.4166666666667,0.690277777777778,1041.5
2490,41.5,0.691666666666667,1031.92
2495,41.5833333333333,0.693055555555556,1022.43
2500,41.6666666666667,0.694444444444444,1013.01
2505,41.75,0.695833333333333,1003.67
2510,41.8333333333333,0.697222222222222,994.42
2515,41.9166666666667,0.698611111111111,985.24
2520,42,0.7,976.15
2525,42.0833333333333,0.701388888888889,967.13
2530,42.1666666666667,0.702777777777778,958.19
2535,42.25,0.704166666666667,949.32
2540,42.3333333333333,0.705555555555556,940.54
2545,42.4166666666667,0.706944444444444,931.83
2550,42.5,0.708333333333333,923.19
2555,42.5833333333333,0.709722222222222,914.63
2560,42.6666666666667,0.711111111111111,906.14
2565,42.75,0.7125,897.73
2570,42.8333333333333,0.713888888888889,889.39
2575,42.9166666666667,0.715277777777778,881.12
2580,43,0.716666666666667,872.93
2585,43.0833333333333,0.718055555555556,864.8
2590,43.1666666666667,0.719444444444444,856.75
2595,43.25,0.720833333333333,848.76
2600,43.3333333333333,0.722222222222222,840.85
2605,43.4166666666667,0.723611111111111,833.01
2610,43.5,0.725,825.23
2615,43.5833333333333,0.726388888888889,817.52
2620,43.6666666666667,0.727777777777778,809.88
2625,43.75,0.729166666666667,802.31
2630,43.8333333333333,0.730555555555556,794.8
2635,43.9166666666667,0.731944444444444,787.36
2640,44,0.733333333333333,779.99
2645,44.0833333333333,0.734722222222222,772.68
2650,44.1666666666667,0.736111111111111,765.43
2655,44.25,0.7375,758.25
2660,44.3333333333333,0.738888888888889,751.13
2665,44.4166666666667,0.740277777777778,744.07
2670,44.5,0.741666666666667,737.08
2675,44.5833333333333,0.743055555555556,730.15
2680,44.6666666666667,0.744444444444444,723.28
2685,44.75,0.745833333333333,716.47
2690,44.8333333333333,0.747222222222222,709.72
2695,44.9166666666667,0.748611111111111,703.03
2700,45,0.75,696.4
2705,45.0833333333333,0.751388888888889,689.83
2710,45.1666666666667,0.752777777777778,683.32
2715,45.25,0.754166666666667,676.87
2720,45.3333333333333,0.755555555555556,670.47
2725,45.4166666666667,0.756944444444444,664.13
2730,45.5,0.758333333333333,657.85
2735,45.5833333333333,0.759722222222222,651.62
2740,45.6666666666667,0.761111111111111,645.45
2745,45.75,0.7625,639.33
2750,45.8333333333333,0.763888888888889,633.27
2755,45.9166666666667,0.765277777777778,627.27
2760,46,0.766666666666667,621.31
2765,46.0833333333333,0.768055555555556,615.41
2770,46.1666666666667,0.769444444444444,609.57
2775,46.25,0.770833333333333,603.77
2780,46.3333333333333,0.772222222222222,598.03
2785,46.4166666666667,0.773611111111111,592.34
2790,46.5,0.775,586.71
2795,46.5833333333333,0.776388888888889,581.12
2800,46.6666666666667,0.777777777777778,575.58
2805,46.75,0.779166666666667,570.09
2810,46.8333333333333,0.780555555555556,564.66
2815,46.9166666666667,0.781944444444444,559.27
2820,47,0.783333333333333,553.93
2825,47.0833333333333,0.784722222222222,548.64
2830,47.1666666666667,0.786111111111111,543.39
2835,47.25,0.7875,538.2
2840,47.3333333333333,0.788888888888889,533.05
2845,47.4166666666667,0.790277777777778,527.95
2850,47.5,0.791666666666667,522.89
2855,47.5833333333333,0.793055555555556,517.89
2860,47.6666666666667,0.794444444444444,512.92
2865,47.75,0.795833333333333,508
2870,47.8333333333333,0.797222222222222,503.13
2875,47.9166666666667,0.798611111111111,498.3
2880,48,0.8,493.52
2885,48.0833333333333,0.801388888888889,488.78
2890,48.1666666666667,0.802777777777778,484.08
2895,48.25,0.804166666666667,479.42
2900,48.3333333333333,0.805555555555556,474.81
2905,48.4166666666667,0.806944444444444,470.24
2910,48.5,0.808333333333333,465.71
2915,48.5833333333333,0.809722222222222,461.23
2920,48.6666666666667,0.811111111111111,456.78
2925,48.75,0.8125,452.38
2930,48.8333333333333,0.813888888888889,448.02
2935,48.9166666666667,0.815277777777778,443.69
2940,49,0.816666666666667,439.41
2945,49.0833333333333,0.818055555555556,435.16
2950,49.1666666666667,0.819444444444444,430.96
2955,49.25,0.820833333333333,426.79
2960,49.3333333333333,0.822222222222222,422.66
2965,49.4166666666667,0.823611111111111,418.57
2970,49.5,0.825,414.52
2975,49.5833333333333,0.826388888888889,410.51
2980,49.6666666666667,0.827777777777778,406.53
2985,49.75,0.829166666666667,402.59
2990,49.8333333333333,0.830555555555556,398.69
2995,49.9166666666667,0.831944444444444,394.82
3000,50,0.833333333333333,390.99
3005,50.0833333333333,0.834722222222222,387.19
3010,50.1666666666667,0.836111111111111,383.43
3015,50.25,0.8375,379.7
3020,50.3333333333333,0.838888888888889,376.01
3025,50.4166666666667,0.840277777777778,372.35
3030,50.5,0.841666666666667,368.73
3035,50.5833333333333,0.843055555555556,365.14
3040,50.6666666666667,0.844444444444444,361.59
3045,50.75,0.845833333333333,358.06
3050,50.8333333333333,0.847222222222222,354.57
3055,50.9166666666667,0.848611111111111,351.12
3060,51,0.85,347.69
3065,51.0833333333333,0.851388888888889,344.3
3070,51.1666666666667,0.852777777777778,340.94
3075,51.25,0.854166666666667,337.61
3080,51.3333333333333,0.855555555555556,334.31
3085,51.4166666666667,0.856944444444444,331.04
3090,51.5,0.858333333333333,327.81
3095,51.5833333333333,0.859722222222222,324.6
3100,51.6666666666667,0.861111111111111,321.42
3105,51.75,0.8625,318.28
3110,51.8333333333333,0.863888888888889,315.16
3115,51.9166666666667,0.865277777777778,312.07
3120,52,0.866666666666667,309.01
3125,52.0833333333333,0.868055555555556,305.98
3130,52.1666666666667,0.869444444444444,302.98
3135,52.25,0.870833333333333,300.01
3140,52.3333333333333,0.872222222222222,297.07
3145,52.4166666666667,0.873611111111111,294.15
3150,52.5,0.875,291.26
3155,52.5833333333333,0.876388888888889,288.4
3160,52.6666666666667,0.877777777777778,285.56
3165,52.75,0.879166666666667,282.75
3170,52.8333333333333,0.880555555555556,279.97
3175,52.9166666666667,0.881944444444444,277.22
3180,53,0.883333333333333,274.49
3185,53.0833333333333,0.884722222222222,271.78
3190,53.1666666666667,0.886111111111111,269.1
3195,53.25,0.8875,266.45
3200,53.3333333333333,0.888888888888889,263.82
3205,53.4166666666667,0.890277777777778,261.22
3210,53.5,0.891666666666667,258.64
3215,53.5833333333333,0.893055555555556,256.09
3220,53.6666666666667,0.894444444444444,253.56
3225,53.75,0.895833333333333,251.06
3230,53.8333333333333,0.897222222222222,248.58
3235,53.9166666666667,0.898611111111111,246.12
3240,54,0.9,243.69
3245,54.0833333333333,0.901388888888889,241.27
3250,54.1666666666667,0.902777777777778,238.89
3255,54.25,0.904166666666667,236.52
3260,54.3333333333333,0.905555555555556,234.18
3265,54.4166666666667,0.906944444444444,231.86
3270,54.5,0.908333333333333,229.56
3275,54.5833333333333,0.909722222222222,227.29
3280,54.6666666666667,0.911111111111111,225.03
3285,54.75,0.9125,222.8
3290,54.8333333333333,0.913888888888889,220.59
3295,54.9166666666667,0.915277777777778,218.4
3300,55,0.916666666666667,216.23
3305,55.0833333333333,0.918055555555556,214.08
3310,55.1666666666667,0.919444444444444,211.95
3315,55.25,0.920833333333333,209.85
3320,55.3333333333333,0.922222222222222,207.76
3325,55.4166666666667,0.923611111111111,205.69
3330,55.5,0.925,203.65
3335,55.5833333333333,0.926388888888889,201.62
3340,55.6666666666667,0.927777777777778,199.61
3345,55.75,0.929166666666667,197.62
3350,55.8333333333333,0.930555555555556,195.65
3355,55.9166666666667,0.931944444444444,193.7
3360,56,0.933333333333333,191.77
3365,56.0833333333333,0.934722222222222,189.86
3370,56.1666666666667,0.936111111111111,187.97
3375,56.25,0.9375,186.09
3380,56.3333333333333,0.938888888888889,184.23
3385,56.4166666666667,0.940277777777778,182.39
3390,56.5,0.941666666666667,180.57
3395,56.5833333333333,0.943055555555556,178.77
3400,56.6666666666667,0.944444444444444,176.98
3405,56.75,0.945833333333333,175.21
3410,56.8333333333333,0.947222222222222,173.46
3415,56.9166666666667,0.948611111111111,171.72
3420,57,0.95,170
3425,57.0833333333333,0.951388888888889,168.3
3430,57.1666666666667,0.952777777777778,166.61
3435,57.25,0.954166666666667,164.94
3440,57.3333333333333,0.955555555555556,163.29
3445,57.4166666666667,0.956944444444444,161.65
3450,57.5,0.958333333333333,160.03
3455,57.5833333333333,0.959722222222222,158.43
3460,57.6666666666667,0.961111111111111,156.84
3465,57.75,0.9625,155.26
3470,57.8333333333333,0.963888888888889,153.7
3475,57.9166666666667,0.965277777777778,152.16
3480,58,0.966666666666667,150.63
3485,58.0833333333333,0.968055555555556,149.12
3490,58.1666666666667,0.969444444444444,147.62
3495,58.25,0.970833333333333,146.13
3500,58.3333333333333,0.972222222222222,144.66
3505,58.4166666666667,0.973611111111111,143.21
3510,58.5,0.975,141.77
3515,58.5833333333333,0.976388888888889,140.34
3520,58.6666666666667,0.977777777777778,138.93
3525,58.75,0.979166666666667,137.53
3530,58.8333333333333,0.980555555555556,136.14
3535,58.9166666666667,0.981944444444444,134.77
3540,59,0.983333333333333,133.41
3545,59.0833333333333,0.984722222222222,132.06
3550,59.1666666666667,0.986111111111111,130.73
3555,59.25,0.9875,129.41
3560,59.3333333333333,0.988888888888889,128.1
3565,59.4166666666667,0.990277777777778,126.81
3570,59.5,0.991666666666667,125.53
3575,59.5833333333333,0.993055555555556,124.26
3580,59.6666666666667,0.994444444444444,123.01
3585,59.75,0.995833333333333,121.76
3590,59.8333333333333,0.997222222222222,120.53
3595,59.9166666666667,0.998611111111111,119.31
3600,60,1,118.1
3605,60.0833333333333,1.00138888888889,116.91
3610,60.1666666666667,1.00277777777778,115.73
3615,60.25,1.00416666666667,114.55
3620,60.3333333333333,1.00555555555556,113.39
3625,60.4166666666667,1.00694444444444,112.24
3630,60.5,1.00833333333333,111.11
3635,60.5833333333333,1.00972222222222,109.98
3640,60.6666666666667,1.01111111111111,108.86
3645,60.75,1.0125,107.76
3650,60.8333333333333,1.01388888888889,106.67
3655,60.9166666666667,1.01527777777778,105.58
3660,61,1.01666666666667,104.51
3665,61.0833333333333,1.01805555555556,103.45
3670,61.1666666666667,1.01944444444444,102.4
3675,61.25,1.02083333333333,101.36
3680,61.3333333333333,1.02222222222222,100.33
3685,61.4166666666667,1.02361111111111,99.31
3690,61.5,1.025,98.3
3695,61.5833333333333,1.02638888888889,97.3
3700,61.6666666666667,1.02777777777778,96.31
3705,61.75,1.02916666666667,95.33
3710,61.8333333333333,1.03055555555556,94.36
3715,61.9166666666667,1.03194444444444,93.4
3720,62,1.03333333333333,92.45
3725,62.0833333333333,1.03472222222222,91.51
3730,62.1666666666667,1.03611111111111,90.57
3735,62.25,1.0375,89.65
3740,62.3333333333333,1.03888888888889,88.74
3745,62.4166666666667,1.04027777777778,87.83
3750,62.5,1.04166666666667,86.93
3755,62.5833333333333,1.04305555555556,86.05
3760,62.6666666666667,1.04444444444444,85.17
3765,62.75,1.04583333333333,84.3
3770,62.8333333333333,1.04722222222222,83.44
3775,62.9166666666667,1.04861111111111,82.59
3780,63,1.05,81.74
3785,63.0833333333333,1.05138888888889,80.91
3790,63.1666666666667,1.05277777777778,80.08
3795,63.25,1.05416666666667,79.26
3800,63.3333333333333,1.05555555555556,78.45
3805,63.4166666666667,1.05694444444444,77.65
3810,63.5,1.05833333333333,76.85
3815,63.5833333333333,1.05972222222222,76.07
3820,63.6666666666667,1.06111111111111,75.29
3825,63.75,1.0625,74.52
3830,63.8333333333333,1.06388888888889,73.75
3835,63.9166666666667,1.06527777777778,73
3840,64,1.06666666666667,72.25
3845,64.0833333333333,1.06805555555556,71.51
3850,64.1666666666667,1.06944444444444,70.78
3855,64.25,1.07083333333333,70.05
3860,64.3333333333333,1.07222222222222,69.33
3865,64.4166666666667,1.07361111111111,68.62
3870,64.5,1.075,67.92
3875,64.5833333333333,1.07638888888889,67.22
3880,64.6666666666667,1.07777777777778,66.53
3885,64.75,1.07916666666667,65.85
3890,64.8333333333333,1.08055555555556,65.17
3895,64.9166666666667,1.08194444444444,64.5
3900,65,1.08333333333333,63.84
3905,65.0833333333333,1.08472222222222,63.18
3910,65.1666666666667,1.08611111111111,62.53
3915,65.25,1.0875,61.89
3920,65.3333333333333,1.08888888888889,61.25
3925,65.4166666666667,1.09027777777778,60.62
3930,65.5,1.09166666666667,60
3935,65.5833333333333,1.09305555555556,59.38
3940,65.6666666666667,1.09444444444444,58.77
3945,65.75,1.09583333333333,58.16
3950,65.8333333333333,1.09722222222222,57.56
3955,65.9166666666667,1.09861111111111,56.97
3960,66,1.1,56.38
3965,66.0833333333333,1.10138888888889,55.8
3970,66.1666666666667,1.10277777777778,55.23
3975,66.25,1.10416666666667,54.66
3980,66.3333333333333,1.10555555555556,54.09
3985,66.4166666666667,1.10694444444444,53.54
3990,66.5,1.10833333333333,52.98
3995,66.5833333333333,1.10972222222222,52.44
4000,66.6666666666667,1.11111111111111,51.89
4005,66.75,1.1125,51.36
4010,66.8333333333333,1.11388888888889,50.83
4015,66.9166666666667,1.11527777777778,50.3
4020,67,1.11666666666667,49.78
4025,67.0833333333333,1.11805555555556,49.27
4030,67.1666666666667,1.11944444444444,48.76
4035,67.25,1.12083333333333,48.25
4040,67.3333333333333,1.12222222222222,47.76
4045,67.4166666666667,1.12361111111111,47.26
4050,67.5,1.125,46.77
4055,67.5833333333333,1.12638888888889,46.29
4060,67.6666666666667,1.12777777777778,45.81
4065,67.75,1.12916666666667,45.34
4070,67.8333333333333,1.13055555555556,44.87
4075,67.9166666666667,1.13194444444444,44.4
4080,68,1.13333333333333,43.94
4085,68.0833333333333,1.13472222222222,43.49
4090,68.1666666666667,1.13611111111111,43.03
4095,68.25,1.1375,42.59
4100,68.3333333333333,1.13888888888889,42.15
4105,68.4166666666667,1.14027777777778,41.71
4110,68.5,1.14166666666667,41.28
4115,68.5833333333333,1.14305555555556,40.85
4120,68.6666666666667,1.14444444444444,40.42
4125,68.75,1.14583333333333,40
4130,68.8333333333333,1.14722222222222,39.59
4135,68.9166666666667,1.14861111111111,39.18
4140,69,1.15,38.77
4145,69.0833333333333,1.15138888888889,38.37
4150,69.1666666666667,1.15277777777778,37.97
4155,69.25,1.15416666666667,37.58
4160,69.3333333333333,1.15555555555556,37.18
4165,69.4166666666667,1.15694444444444,36.8
4170,69.5,1.15833333333333,36.42
4175,69.5833333333333,1.15972222222222,36.04
4180,69.6666666666667,1.16111111111111,35.66
4185,69.75,1.1625,35.29
4190,69.8333333333333,1.16388888888889,34.92
4195,69.9166666666667,1.16527777777778,34.56
4200,70,1.16666666666667,34.2
4205,70.0833333333333,1.16805555555556,33.84
4210,70.1666666666667,1.16944444444444,33.49
4215,70.25,1.17083333333333,33.14
4220,70.3333333333333,1.17222222222222,32.8
4225,70.4166666666667,1.17361111111111,32.45
4230,70.5,1.175,32.12
4235,70.5833333333333,1.17638888888889,31.78
4240,70.6666666666667,1.17777777777778,31.45
4245,70.75,1.17916666666667,31.12
4250,70.8333333333333,1.18055555555556,30.8
4255,70.9166666666667,1.18194444444444,30.48
4260,71,1.18333333333333,30.16
4265,71.0833333333333,1.18472222222222,29.84
4270,71.1666666666667,1.18611111111111,29.53
4275,71.25,1.1875,29.22
4280,71.3333333333333,1.18888888888889,28.92
4285,71.4166666666667,1.19027777777778,28.61
4290,71.5,1.19166666666667,28.32
4295,71.5833333333333,1.19305555555556,28.02
4300,71.6666666666667,1.19444444444444,27.73
4305,71.75,1.19583333333333,27.44
4310,71.8333333333333,1.19722222222222,27.15
4315,71.9166666666667,1.19861111111111,26.87
4320,72,1.2,26.58
4325,72.0833333333333,1.20138888888889,26.31
4330,72.1666666666667,1.20277777777778,26.03
4335,72.25,1.20416666666667,25.76
4340,72.3333333333333,1.20555555555556,25.49
4345,72.4166666666667,1.20694444444444,25.22
4350,72.5,1.20833333333333,24.96
4355,72.5833333333333,1.20972222222222,24.7
4360,72.6666666666667,1.21111111111111,24.44
4365,72.75,1.2125,24.18
4370,72.8333333333333,1.21388888888889,23.93
4375,72.9166666666667,1.21527777777778,23.68
4380,73,1.21666666666667,23.43
4385,73.0833333333333,1.21805555555556,23.18
4390,73.1666666666667,1.21944444444444,22.94
4395,73.25,1.22083333333333,22.7
4400,73.3333333333333,1.22222222222222,22.46
4405,73.4166666666667,1.22361111111111,22.23
4410,73.5,1.225,21.99
4415,73.5833333333333,1.22638888888889,21.76
4420,73.6666666666667,1.22777777777778,21.53
4425,73.75,1.22916666666667,21.31
4430,73.8333333333333,1.23055555555556,21.08
4435,73.9166666666667,1.23194444444444,20.86
4440,74,1.23333333333333,20.64
4445,74.0833333333333,1.23472222222222,20.42
4450,74.1666666666667,1.23611111111111,20.21
4455,74.25,1.2375,20
4460,74.3333333333333,1.23888888888889,19.79
4465,74.4166666666667,1.24027777777778,19.58
4470,74.5,1.24166666666667,19.37
4475,74.5833333333333,1.24305555555556,19.17
4480,74.6666666666667,1.24444444444444,18.97
4485,74.75,1.24583333333333,18.77
4490,74.8333333333333,1.24722222222222,18.57
4495,74.9166666666667,1.24861111111111,18.37
4500,75,1.25,18.18
4505,75.0833333333333,1.25138888888889,17.99
4510,75.1666666666667,1.25277777777778,17.8
4515,75.25,1.25416666666667,17.61
4520,75.3333333333333,1.25555555555556,17.43
4525,75.4166666666667,1.25694444444444,17.24
4530,75.5,1.25833333333333,17.06
4535,75.5833333333333,1.25972222222222,16.88
4540,75.6666666666667,1.26111111111111,16.7
4545,75.75,1.2625,16.53
4550,75.8333333333333,1.26388888888889,16.35
4555,75.9166666666667,1.26527777777778,16.18
4560,76,1.26666666666667,16.01
4565,76.0833333333333,1.26805555555556,15.84
4570,76.1666666666667,1.26944444444444,15.67
4575,76.25,1.27083333333333,15.51
4580,76.3333333333333,1.27222222222222,15.34
4585,76.4166666666667,1.27361111111111,15.18
4590,76.5,1.275,15.02
4595,76.5833333333333,1.27638888888889,14.86
4600,76.6666666666667,1.27777777777778,14.71
4605,76.75,1.27916666666667,14.55
4610,76.8333333333333,1.28055555555556,14.4
4615,76.9166666666667,1.28194444444444,14.24
4620,77,1.28333333333333,14.09
4625,77.0833333333333,1.28472222222222,13.95
4630,77.1666666666667,1.28611111111111,13.8
4635,77.25,1.2875,13.65
4640,77.3333333333333,1.28888888888889,13.51
4645,77.4166666666667,1.29027777777778,13.36
4650,77.5,1.29166666666667,13.22
4655,77.5833333333333,1.29305555555556,13.08
4660,77.6666666666667,1.29444444444444,12.94
4665,77.75,1.29583333333333,12.81
4670,77.8333333333333,1.29722222222222,12.67
4675,77.9166666666667,1.29861111111111,12.54
4680,78,1.3,12.4
4685,78.0833333333333,1.30138888888889,12.27
4690,78.1666666666667,1.30277777777778,12.14
4695,78.25,1.30416666666667,12.01
4700,78.3333333333333,1.30555555555556,11.89
4705,78.4166666666667,1.30694444444444,11.76
4710,78.5,1.30833333333333,11.64
4715,78.5833333333333,1.30972222222222,11.51
4720,78.6666666666667,1.31111111111111,11.39
4725,78.75,1.3125,11.27
4730,78.8333333333333,1.31388888888889,11.15
4735,78.9166666666667,1.31527777777778,11.03
4740,79,1.31666666666667,10.91
4745,79.0833333333333,1.31805555555556,10.8
4750,79.1666666666667,1.31944444444444,10.68
4755,79.25,1.32083333333333,10.57
4760,79.3333333333333,1.32222222222222,10.46
4765,79.4166666666667,1.32361111111111,10.35
4770,79.5,1.325,10.24
4775,79.5833333333333,1.32638888888889,10.13
4780,79.6666666666667,1.32777777777778,10.02
4785,79.75,1.32916666666667,9.91
4790,79.8333333333333,1.33055555555556,9.81
4795,79.9166666666667,1.33194444444444,9.7
4800,80,1.33333333333333,9.6
4805,80.0833333333333,1.33472222222222,9.5
4810,80.1666666666667,1.33611111111111,9.4
4815,80.25,1.3375,9.3
4820,80.3333333333333,1.33888888888889,9.2
4825,80.4166666666667,1.34027777777778,9.1
4830,80.5,1.34166666666667,9
4835,80.5833333333333,1.34305555555556,8.91
4840,80.6666666666667,1.34444444444444,8.81
4845,80.75,1.34583333333333,8.72
4850,80.8333333333333,1.34722222222222,8.63
4855,80.9166666666667,1.34861111111111,8.54
4860,81,1.35,8.44
4865,81.0833333333333,1.35138888888889,8.35
4870,81.1666666666667,1.35277777777778,8.27
4875,81.25,1.35416666666667,8.18
4880,81.3333333333333,1.35555555555556,8.09
4885,81.4166666666667,1.35694444444444,8
4890,81.5,1.35833333333333,7.92
4895,81.5833333333333,1.35972222222222,7.83
4900,81.6666666666667,1.36111111111111,7.75
4905,81.75,1.3625,7.67
4910,81.8333333333333,1.36388888888889,7.59
4915,81.9166666666667,1.36527777777778,7.5
4920,82,1.36666666666667,7.42
4925,82.0833333333333,1.36805555555556,7.35
4930,82.1666666666667,1.36944444444444,7.27
4935,82.25,1.37083333333333,7.19
4940,82.3333333333333,1.37222222222222,7.11
4945,82.4166666666667,1.37361111111111,7.04
4950,82.5,1.375,6.96
4955,82.5833333333333,1.37638888888889,6.89
4960,82.6666666666667,1.37777777777778,6.81
4965,82.75,1.37916666666667,6.74
4970,82.8333333333333,1.38055555555556,6.67
4975,82.9166666666667,1.38194444444444,6.6
4980,83,1.38333333333333,6.53
4985,83.0833333333333,1.38472222222222,6.46
4990,83.1666666666667,1.38611111111111,6.39
4995,83.25,1.3875,6.32
5000,83.3333333333333,1.38888888888889,6.25
5005,83.4166666666667,1.39027777777778,6.19
5010,83.5,1.39166666666667,6.12
5015,83.5833333333333,1.39305555555556,6.05
5020,83.6666666666667,1.39444444444444,5.99
5025,83.75,1.39583333333333,5.92
5030,83.8333333333333,1.39722222222222,5.86
5035,83.9166666666667,1.39861111111111,5.8
5040,84,1.4,5.74
5045,84.0833333333333,1.40138888888889,5.68
5050,84.1666666666667,1.40277777777778,5.61
5055,84.25,1.40416666666667,5.55
5060,84.3333333333333,1.40555555555556,5.49
5065,84.4166666666667,1.40694444444444,5.44
5070,84.5,1.40833333333333,5.38
5075,84.5833333333333,1.40972222222222,5.32
5080,84.6666666666667,1.41111111111111,5.26
5085,84.75,1.4125,5.21
5090,84.8333333333333,1.41388888888889,5.15
5095,84.9166666666667,1.41527777777778,5.1
5100,85,1.41666666666667,5.04
5105,85.0833333333333,1.41805555555556,4.99
5110,85.1666666666667,1.41944444444444,4.93
5115,85.25,1.42083333333333,4.88
5120,85.3333333333333,1.42222222222222,4.83
5125,85.4166666666667,1.42361111111111,4.78
5130,85.5,1.425,4.72
5135,85.5833333333333,1.42638888888889,4.67
5140,85.6666666666667,1.42777777777778,4.62
5145,85.75,1.42916666666667,4.57
5150,85.8333333333333,1.43055555555556,4.53
5155,85.9166666666667,1.43194444444444,4.48
5160,86,1.43333333333333,4.43
5165,86.0833333333333,1.43472222222222,4.38
5170,86.1666666666667,1.43611111111111,4.33
5175,86.25,1.4375,4.29
5180,86.3333333333333,1.43888888888889,4.24
5185,86.4166666666667,1.44027777777778,4.2
5190,86.5,1.44166666666667,4.15
5195,86.5833333333333,1.44305555555556,4.11
5200,86.6666666666667,1.44444444444444,4.06
5205,86.75,1.44583333333333,4.02
5210,86.8333333333333,1.44722222222222,3.97
5215,86.9166666666667,1.44861111111111,3.93
5220,87,1.45,3.89
5225,87.0833333333333,1.45138888888889,3.85
5230,87.1666666666667,1.45277777777778,3.81
5235,87.25,1.45416666666667,3.77
5240,87.3333333333333,1.45555555555556,3.72
5245,87.4166666666667,1.45694444444444,3.68
5250,87.5,1.45833333333333,3.65
5255,87.5833333333333,1.45972222222222,3.61
5260,87.6666666666667,1.46111111111111,3.57
5265,87.75,1.4625,3.53
5270,87.8333333333333,1.46388888888889,3.49
5275,87.9166666666667,1.46527777777778,3.45
5280,88,1.46666666666667,3.42
5285,88.0833333333333,1.46805555555556,3.38
5290,88.1666666666667,1.46944444444444,3.34
5295,88.25,1.47083333333333,3.31
5300,88.3333333333333,1.47222222222222,3.27
5305,88.4166666666667,1.47361111111111,3.24
5310,88.5,1.475,3.2
5315,88.5833333333333,1.47638888888889,3.17
5320,88.6666666666667,1.47777777777778,3.13
5325,88.75,1.47916666666667,3.1
5330,88.8333333333333,1.48055555555556,3.06
5335,88.9166666666667,1.48194444444444,3.03
5340,89,1.48333333333333,3
5345,89.0833333333333,1.48472222222222,2.97
5350,89.1666666666667,1.48611111111111,2.93
5355,89.25,1.4875,2.9
5360,89.3333333333333,1.48888888888889,2.87
5365,89.4166666666667,1.49027777777778,2.84
5370,89.5,1.49166666666667,2.81
5375,89.5833333333333,1.49305555555556,2.78
5380,89.6666666666667,1.49444444444444,2.75
5385,89.75,1.49583333333333,2.72
5390,89.8333333333333,1.49722222222222,2.69
5395,89.9166666666667,1.49861111111111,2.66
5400,90,1.5,2.63
5405,90.0833333333333,1.50138888888889,2.6
5410,90.1666666666667,1.50277777777778,2.58
5415,90.25,1.50416666666667,2.55
5420,90.3333333333333,1.50555555555556,2.52
5425,90.4166666666667,1.50694444444444,2.49
5430,90.5,1.50833333333333,2.47
5435,90.5833333333333,1.50972222222222,2.44
5440,90.6666666666667,1.51111111111111,2.41
5445,90.75,1.5125,2.39
5450,90.8333333333333,1.51388888888889,2.36
5455,90.9166666666667,1.51527777777778,2.34
5460,91,1.51666666666667,2.31
5465,91.0833333333333,1.51805555555556,2.29
5470,91.1666666666667,1.51944444444444,2.26
5475,91.25,1.52083333333333,2.24
5480,91.3333333333333,1.52222222222222,2.21
5485,91.4166666666667,1.52361111111111,2.19
5490,91.5,1.525,2.16
5495,91.5833333333333,1.52638888888889,2.14
5500,91.6666666666667,1.52777777777778,2.12
5505,91.75,1.52916666666667,2.09
5510,91.8333333333333,1.53055555555556,2.07
5515,91.9166666666667,1.53194444444444,2.05
5520,92,1.53333333333333,2.03
5525,92.0833333333333,1.53472222222222,2.01
5530,92.1666666666667,1.53611111111111,1.98
5535,92.25,1.5375,1.96
5540,92.3333333333333,1.53888888888889,1.94
5545,92.4166666666667,1.54027777777778,1.92
5550,92.5,1.54166666666667,1.9
5555,92.5833333333333,1.54305555555556,1.88
5560,92.6666666666667,1.54444444444444,1.86
5565,92.75,1.54583333333333,1.84
5570,92.8333333333333,1.54722222222222,1.82
5575,92.9166666666667,1.54861111111111,1.8
5580,93,1.55,1.78
5585,93.0833333333333,1.55138888888889,1.76
5590,93.1666666666667,1.55277777777778,1.74
5595,93.25,1.55416666666667,1.72
5600,93.3333333333333,1.55555555555556,1.7
5605,93.4166666666667,1.55694444444444,1.68
5610,93.5,1.55833333333333,1.67
5615,93.5833333333333,1.55972222222222,1.65
5620,93.6666666666667,1.56111111111111,1.63
5625,93.75,1.5625,1.61
5630,93.8333333333333,1.56388888888889,1.59
5635,93.9166666666667,1.56527777777778,1.58
5640,94,1.56666666666667,1.56
5645,94.0833333333333,1.56805555555556,1.54
5650,94.1666666666667,1.56944444444444,1.53
5655,94.25,1.57083333333333,1.51
5660,94.3333333333333,1.57222222222222,1.49
5665,94.4166666666667,1.57361111111111,1.48
5670,94.5,1.575,1.46
5675,94.5833333333333,1.57638888888889,1.45
5680,94.6666666666667,1.57777777777778,1.43
5685,94.75,1.57916666666667,1.41
5690,94.8333333333333,1.58055555555556,1.4
5695,94.9166666666667,1.58194444444444,1.38
5700,95,1.58333333333333,1.37
5705,95.0833333333333,1.58472222222222,1.35
5710,95.1666666666667,1.58611111111111,1.34
5715,95.25,1.5875,1.32
5720,95.3333333333333,1.58888888888889,1.31
5725,95.4166666666667,1.59027777777778,1.3
5730,95.5,1.59166666666667,1.28
5735,95.5833333333333,1.59305555555556,1.27
5740,95.6666666666667,1.59444444444444,1.25
5745,95.75,1.59583333333333,1.24
5750,95.8333333333333,1.59722222222222,1.23
5755,95.9166666666667,1.59861111111111,1.21
5760,96,1.6,1.2
5765,96.0833333333333,1.60138888888889,1.19
5770,96.1666666666667,1.60277777777778,1.17
5775,96.25,1.60416666666667,1.16
5780,96.3333333333333,1.60555555555556,1.15
5785,96.4166666666667,1.60694444444444,1.14
5790,96.5,1.60833333333333,1.12
5795,96.5833333333333,1.60972222222222,1.11
5800,96.6666666666667,1.61111111111111,1.1
5805,96.75,1.6125,1.09
5810,96.8333333333333,1.61388888888889,1.08
5815,96.9166666666667,1.61527777777778,1.06
5820,97,1.61666666666667,1.05
5825,97.0833333333333,1.61805555555556,1.04
5830,97.1666666666667,1.61944444444444,1.03
5835,97.25,1.62083333333333,1.02
5840,97.3333333333333,1.62222222222222,1.01
5845,97.4166666666667,1.62361111111111,1
5850,97.5,1.625,0.99
5855,97.5833333333333,1.62638888888889,0.97
5860,97.6666666666667,1.62777777777778,0.96
5865,97.75,1.62916666666667,0.95
5870,97.8333333333333,1.63055555555556,0.94
5875,97.9166666666667,1.63194444444444,0.93
5880,98,1.63333333333333,0.92
5885,98.0833333333333,1.63472222222222,0.91
5890,98.1666666666667,1.63611111111111,0.9
5895,98.25,1.6375,0.89
5900,98.3333333333333,1.63888888888889,0.88
5905,98.4166666666667,1.64027777777778,0.87
5910,98.5,1.64166666666667,0.86
5915,98.5833333333333,1.64305555555556,0.85
5920,98.6666666666667,1.64444444444444,0.84
5925,98.75,1.64583333333333,0.84
5930,98.8333333333333,1.64722222222222,0.83
5935,98.9166666666667,1.64861111111111,0.82
5940,99,1.65,0.81
5945,99.0833333333333,1.65138888888889,0.8
5950,99.1666666666667,1.65277777777778,0.79
5955,99.25,1.65416666666667,0.78
5960,99.3333333333333,1.65555555555556,0.77
5965,99.4166666666667,1.65694444444444,0.77
5970,99.5,1.65833333333333,0.76
5975,99.5833333333333,1.65972222222222,0.75
5980,99.6666666666667,1.66111111111111,0.74
5985,99.75,1.6625,0.73
5990,99.8333333333333,1.66388888888889,0.72
5995,99.9166666666667,1.66527777777778,0.72
6000,100,1.66666666666667,0.71
6005,100.083333333333,1.66805555555556,0.7
6010,100.166666666667,1.66944444444444,0.69
6015,100.25,1.67083333333333,0.69
6020,100.333333333333,1.67222222222222,0.68
6025,100.416666666667,1.67361111111111,0.67
6030,100.5,1.675,0.66
6035,100.583333333333,1.67638888888889,0.66
6040,100.666666666667,1.67777777777778,0.65
6045,100.75,1.67916666666667,0.64
6050,100.833333333333,1.68055555555556,0.63
6055,100.916666666667,1.68194444444444,0.63
6060,101,1.68333333333333,0.62
6065,101.083333333333,1.68472222222222,0.61
6070,101.166666666667,1.68611111111111,0.61
6075,101.25,1.6875,0.6
6080,101.333333333333,1.68888888888889,0.59
6085,101.416666666667,1.69027777777778,0.59
6090,101.5,1.69166666666667,0.58
6095,101.583333333333,1.69305555555556,0.57
6100,101.666666666667,1.69444444444444,0.57
6105,101.75,1.69583333333333,0.56
6110,101.833333333333,1.69722222222222,0.56
6115,101.916666666667,1.69861111111111,0.55
6120,102,1.7,0.54
6125,102.083333333333,1.70138888888889,0.54
6130,102.166666666667,1.70277777777778,0.53
6135,102.25,1.70416666666667,0.53
6140,102.333333333333,1.70555555555556,0.52
6145,102.416666666667,1.70694444444444,0.51
6150,102.5,1.70833333333333,0.51
6155,102.583333333333,1.70972222222222,0.5
6160,102.666666666667,1.71111111111111,0.5
6165,102.75,1.7125,0.49
6170,102.833333333333,1.71388888888889,0.49
6175,102.916666666667,1.71527777777778,0.48
6180,103,1.71666666666667,0.48
6185,103.083333333333,1.71805555555556,0.47
6190,103.166666666667,1.71944444444444,0.47
6195,103.25,1.72083333333333,0.46
6200,103.333333333333,1.72222222222222,0.46
6205,103.416666666667,1.72361111111111,0.45
6210,103.5,1.725,0.45
6215,103.583333333333,1.72638888888889,0.44
6220,103.666666666667,1.72777777777778,0.44
6225,103.75,1.72916666666667,0.43
6230,103.833333333333,1.73055555555556,0.43
6235,103.916666666667,1.73194444444444,0.42
6240,104,1.73333333333333,0.42
6245,104.083333333333,1.73472222222222,0.41
6250,104.166666666667,1.73611111111111,0.41
6255,104.25,1.7375,0.4
6260,104.333333333333,1.73888888888889,0.4
6265,104.416666666667,1.74027777777778,0.39
6270,104.5,1.74166666666667,0.39
6275,104.583333333333,1.74305555555556,0.39
6280,104.666666666667,1.74444444444444,0.38
6285,104.75,1.74583333333333,0.38
6290,104.833333333333,1.74722222222222,0.37
6295,104.916666666667,1.74861111111111,0.37
6300,105,1.75,0.37
6305,105.083333333333,1.75138888888889,0.36
6310,105.166666666667,1.75277777777778,0.36
6315,105.25,1.75416666666667,0.35
6320,105.333333333333,1.75555555555556,0.35
6325,105.416666666667,1.75694444444444,0.35
6330,105.5,1.75833333333333,0.34
6335,105.583333333333,1.75972222222222,0.34
6340,105.666666666667,1.76111111111111,0.33
6345,105.75,1.7625,0.33
6350,105.833333333333,1.76388888888889,0.33
6355,105.916666666667,1.76527777777778,0.32
6360,106,1.76666666666667,0.32
6365,106.083333333333,1.76805555555556,0.32
6370,106.166666666667,1.76944444444444,0.31
6375,106.25,1.77083333333333,0.31
6380,106.333333333333,1.77222222222222,0.31
6385,106.416666666667,1.77361111111111,0.3
6390,106.5,1.775,0.3
6395,106.583333333333,1.77638888888889,0.3
6400,106.666666666667,1.77777777777778,0.29
6405,106.75,1.77916666666667,0.29
6410,106.833333333333,1.78055555555556,0.29
6415,106.916666666667,1.78194444444444,0.28
6420,107,1.78333333333333,0.28
6425,107.083333333333,1.78472222222222,0.28
6430,107.166666666667,1.78611111111111,0.27
6435,107.25,1.7875,0.27
6440,107.333333333333,1.78888888888889,0.27
6445,107.416666666667,1.79027777777778,0.27
6450,107.5,1.79166666666667,0.26
6455,107.583333333333,1.79305555555556,0.26
6460,107.666666666667,1.79444444444444,0.26
6465,107.75,1.79583333333333,0.25
6470,107.833333333333,1.79722222222222,0.25
6475,107.916666666667,1.79861111111111,0.25
6480,108,1.8,0.25
6485,108.083333333333,1.80138888888889,0.24
6490,108.166666666667,1.80277777777778,0.24
6495,108.25,1.80416666666667,0.24
6500,108.333333333333,1.80555555555556,0.23
6505,108.416666666667,1.80694444444444,0.23
6510,108.5,1.80833333333333,0.23
6515,108.583333333333,1.80972222222222,0.23
6520,108.666666666667,1.81111111111111,0.22
6525,108.75,1.8125,0.22
6530,108.833333333333,1.81388888888889,0.22
6535,108.916666666667,1.81527777777778,0.22
6540,109,1.81666666666667,0.21
6545,109.083333333333,1.81805555555556,0.21
6550,109.166666666667,1.81944444444444,0.21
6555,109.25,1.82083333333333,0.21
6560,109.333333333333,1.82222222222222,0.21
6565,109.416666666667,1.82361111111111,0.2
6570,109.5,1.825,0.2
6575,109.583333333333,1.82638888888889,0.2
6580,109.666666666667,1.82777777777778,0.2
6585,109.75,1.82916666666667,0.19
6590,109.833333333333,1.83055555555556,0.19
6595,109.916666666667,1.83194444444444,0.19
6600,110,1.83333333333333,0.19
6605,110.083333333333,1.83472222222222,0.19
6610,110.166666666667,1.83611111111111,0.18
6615,110.25,1.8375,0.18
6620,110.333333333333,1.83888888888889,0.18
6625,110.416666666667,1.84027777777778,0.18
6630,110.5,1.84166666666667,0.18
6635,110.583333333333,1.84305555555556,0.17
6640,110.666666666667,1.84444444444444,0.17
6645,110.75,1.84583333333333,0.17
6650,110.833333333333,1.84722222222222,0.17
6655,110.916666666667,1.84861111111111,0.17
6660,111,1.85,0.16
6665,111.083333333333,1.85138888888889,0.16
6670,111.166666666667,1.85277777777778,0.16
6675,111.25,1.85416666666667,0.16
6680,111.333333333333,1.85555555555556,0.16
6685,111.416666666667,1.85694444444444,0.16
6690,111.5,1.85833333333333,0.15
6695,111.583333333333,1.85972222222222,0.15
6700,111.666666666667,1.86111111111111,0.15
6705,111.75,1.8625,0.15
6710,111.833333333333,1.86388888888889,0.15
6715,111.916666666667,1.86527777777778,0.15
6720,112,1.86666666666667,0.14
6725,112.083333333333,1.86805555555556,0.14
6730,112.166666666667,1.86944444444444,0.14
6735,112.25,1.87083333333333,0.14
6740,112.333333333333,1.87222222222222,0.14
6745,112.416666666667,1.87361111111111,0.14
6750,112.5,1.875,0.13
6755,112.583333333333,1.87638888888889,0.13
6760,112.666666666667,1.87777777777778,0.13
6765,112.75,1.87916666666667,0.13
6770,112.833333333333,1.88055555555556,0.13
6775,112.916666666667,1.88194444444444,0.13
6780,113,1.88333333333333,0.13
6785,113.083333333333,1.88472222222222,0.12
6790,113.166666666667,1.88611111111111,0.12
6795,113.25,1.8875,0.12
6800,113.333333333333,1.88888888888889,0.12
6805,113.416666666667,1.89027777777778,0.12
6810,113.5,1.89166666666667,0.12
6815,113.583333333333,1.89305555555556,0.12
6820,113.666666666667,1.89444444444444,0.12
6825,113.75,1.89583333333333,0.11
6830,113.833333333333,1.89722222222222,0.11
6835,113.916666666667,1.89861111111111,0.11
6840,114,1.9,0.11
6845,114.083333333333,1.90138888888889,0.11
6850,114.166666666667,1.90277777777778,0.11
6855,114.25,1.90416666666667,0.11
6860,114.333333333333,1.90555555555556,0.11
6865,114.416666666667,1.90694444444444,0.1
6870,114.5,1.90833333333333,0.1
6875,114.583333333333,1.90972222222222,0.1
6880,114.666666666667,1.91111111111111,0.1
6885,114.75,1.9125,0.1
6890,114.833333333333,1.91388888888889,0.1
6895,114.916666666667,1.91527777777778,0.1
6900,115,1.91666666666667,0.1
6905,115.083333333333,1.91805555555556,0.1
6910,115.166666666667,1.91944444444444,0.09
6915,115.25,1.92083333333333,0.09
6920,115.333333333333,1.92222222222222,0.09
6925,115.416666666667,1.92361111111111,0.09
6930,115.5,1.925,0.09
6935,115.583333333333,1.92638888888889,0.09
6940,115.666666666667,1.92777777777778,0.09
6945,115.75,1.92916666666667,0.09
6950,115.833333333333,1.93055555555556,0.09
6955,115.916666666667,1.93194444444444,0.09
6960,116,1.93333333333333,0.08
6965,116.083333333333,1.93472222222222,0.08
6970,116.166666666667,1.93611111111111,0.08
6975,116.25,1.9375,0.08
6980,116.333333333333,1.93888888888889,0.08
6985,116.416666666667,1.94027777777778,0.08
6990,116.5,1.94166666666667,0.08
6995,116.583333333333,1.94305555555556,0.08
7000,116.666666666667,1.94444444444444,0.08
7005,116.75,1.94583333333333,0.08
7010,116.833333333333,1.94722222222222,0.08
7015,116.916666666667,1.94861111111111,0.07
7020,117,1.95,0.07
7025,117.083333333333,1.95138888888889,0.07
7030,117.166666666667,1.95277777777778,0.07
7035,117.25,1.95416666666667,0.07
7040,117.333333333333,1.95555555555556,0.07
7045,117.416666666667,1.95694444444444,0.07
7050,117.5,1.95833333333333,0.07
7055,117.583333333333,1.95972222222222,0.07
7060,117.666666666667,1.96111111111111,0.07
7065,117.75,1.9625,0.07
7070,117.833333333333,1.96388888888889,0.07
7075,117.916666666667,1.96527777777778,0.07
7080,118,1.96666666666667,0.06
7085,118.083333333333,1.96805555555556,0.06
7090,118.166666666667,1.96944444444444,0.06
7095,118.25,1.97083333333333,0.06
7100,118.333333333333,1.97222222222222,0.06
7105,118.416666666667,1.97361111111111,0.06
7110,118.5,1.975,0.06
7115,118.583333333333,1.97638888888889,0.06
7120,118.666666666667,1.97777777777778,0.06
7125,118.75,1.97916666666667,0.06
7130,118.833333333333,1.98055555555556,0.06
7135,118.916666666667,1.98194444444444,0.06
7140,119,1.98333333333333,0.06
7145,119.083333333333,1.98472222222222,0.06
7150,119.166666666667,1.98611111111111,0.06
7155,119.25,1.9875,0.05
7160,119.333333333333,1.98888888888889,0.05
7165,119.416666666667,1.99027777777778,0.05
7170,119.5,1.99166666666667,0.05
7175,119.583333333333,1.99305555555556,0.05
7180,119.666666666667,1.99444444444444,0.05
7185,119.75,1.99583333333333,0.05
7190,119.833333333333,1.99722222222222,0.05
7195,119.916666666667,1.99861111111111,0.05
7200,120,2,0.05
7205,120.083333333333,2.00138888888889,0.05
7210,120.166666666667,2.00277777777778,0.05
7215,120.25,2.00416666666667,0.05
7220,120.333333333333,2.00555555555556,0.05
7225,120.416666666667,2.00694444444444,0.05
7230,120.5,2.00833333333333,0.05
7235,120.583333333333,2.00972222222222,0.05
7240,120.666666666667,2.01111111111111,0.04
7245,120.75,2.0125,0.04
7250,120.833333333333,2.01388888888889,0.04
7255,120.916666666667,2.01527777777778,0.04
7260,121,2.01666666666667,0.04
7265,121.083333333333,2.01805555555556,0.04
7270,121.166666666667,2.01944444444444,0.04
7275,121.25,2.02083333333333,0.04
7280,121.333333333333,2.02222222222222,0.04
7285,121.416666666667,2.02361111111111,0.04
7290,121.5,2.025,0.04
7295,121.583333333333,2.02638888888889,0.04
7300,121.666666666667,2.02777777777778,0.04
7305,121.75,2.02916666666667,0.04
7310,121.833333333333,2.03055555555556,0.04
7315,121.916666666667,2.03194444444444,0.04
7320,122,2.03333333333333,0.04
7325,122.083333333333,2.03472222222222,0.04
7330,122.166666666667,2.03611111111111,0.04
7335,122.25,2.0375,0.04
7340,122.333333333333,2.03888888888889,0.04
7345,122.416666666667,2.04027777777778,0.04
7350,122.5,2.04166666666667,0.04
7355,122.583333333333,2.04305555555556,0.03
7360,122.666666666667,2.04444444444444,0.03
7365,122.75,2.04583333333333,0.03
7370,122.833333333333,2.04722222222222,0.03
7375,122.916666666667,2.04861111111111,0.03
7380,123,2.05,0.03
7385,123.083333333333,2.05138888888889,0.03
7390,123.166666666667,2.05277777777778,0.03
7395,123.25,2.05416666666667,0.03
7400,123.333333333333,2.05555555555556,0.03
7405,123.416666666667,2.05694444444444,0.03
7410,123.5,2.05833333333333,0.03
7415,123.583333333333,2.05972222222222,0.03
7420,123.666666666667,2.06111111111111,0.03
7425,123.75,2.0625,0.03
7430,123.833333333333,2.06388888888889,0.03
7435,123.916666666667,2.06527777777778,0.03
7440,124,2.06666666666667,0.03
7445,124.083333333333,2.06805555555556,0.03
7450,124.166666666667,2.06944444444444,0.03
7455,124.25,2.07083333333333,0.03
7460,124.333333333333,2.07222222222222,0.03
7465,124.416666666667,2.07361111111111,0.03
7470,124.5,2.075,0.03
7475,124.583333333333,2.07638888888889,0.03
7480,124.666666666667,2.07777777777778,0.03
7485,124.75,2.07916666666667,0.03
7490,124.833333333333,2.08055555555556,0.03
7495,124.916666666667,2.08194444444444,0.03
7500,125,2.08333333333333,0.03
7505,125.083333333333,2.08472222222222,0.02
7510,125.166666666667,2.08611111111111,0.02
7515,125.25,2.0875,0.02
7520,125.333333333333,2.08888888888889,0.02
7525,125.416666666667,2.09027777777778,0.02
7530,125.5,2.09166666666667,0.02
7535,125.583333333333,2.09305555555556,0.02
7540,125.666666666667,2.09444444444444,0.02
7545,125.75,2.09583333333333,0.02
7550,125.833333333333,2.09722222222222,0.02
7555,125.916666666667,2.09861111111111,0.02
7560,126,2.1,0.02
7565,126.083333333333,2.10138888888889,0.02
7570,126.166666666667,2.10277777777778,0.02
7575,126.25,2.10416666666667,0.02
7580,126.333333333333,2.10555555555556,0.02
7585,126.416666666667,2.10694444444444,0.02
7590,126.5,2.10833333333333,0.02
7595,126.583333333333,2.10972222222222,0.02
7600,126.666666666667,2.11111111111111,0.02
7605,126.75,2.1125,0.02
7610,126.833333333333,2.11388888888889,0.02
7615,126.916666666667,2.11527777777778,0.02
7620,127,2.11666666666667,0.02
7625,127.083333333333,2.11805555555556,0.02
7630,127.166666666667,2.11944444444444,0.02
7635,127.25,2.12083333333333,0.02
7640,127.333333333333,2.12222222222222,0.02
7645,127.416666666667,2.12361111111111,0.02
7650,127.5,2.125,0.02
7655,127.583333333333,2.12638888888889,0.02
7660,127.666666666667,2.12777777777778,0.02
7665,127.75,2.12916666666667,0.02
7670,127.833333333333,2.13055555555556,0.02
7675,127.916666666667,2.13194444444444,0.02
7680,128,2.13333333333333,0.02
7685,128.083333333333,2.13472222222222,0.02
7690,128.166666666667,2.13611111111111,0.02
7695,128.25,2.1375,0.02
7700,128.333333333333,2.13888888888889,0.02
7705,128.416666666667,2.14027777777778,0.02
7710,128.5,2.14166666666667,0.02
7715,128.583333333333,2.14305555555556,0.02
7720,128.666666666667,2.14444444444444,0.02
7725,128.75,2.14583333333333,0.02
7730,128.833333333333,2.14722222222222,0.01
7735,128.916666666667,2.14861111111111,0.01
7740,129,2.15,0.01
7745,129.083333333333,2.15138888888889,0.01
7750,129.166666666667,2.15277777777778,0.01
7755,129.25,2.15416666666667,0.01
7760,129.333333333333,2.15555555555556,0.01
7765,129.416666666667,2.15694444444444,0.01
7770,129.5,2.15833333333333,0.01
7775,129.583333333333,2.15972222222222,0.01
7780,129.666666666667,2.16111111111111,0.01
7785,129.75,2.1625,0.01
7790,129.833333333333,2.16388888888889,0.01
7795,129.916666666667,2.16527777777778,0.01
7800,130,2.16666666666667,0.01
7805,130.083333333333,2.16805555555556,0.01
7810,130.166666666667,2.16944444444444,0.01
7815,130.25,2.17083333333333,0.01
7820,130.333333333333,2.17222222222222,0.01
7825,130.416666666667,2.17361111111111,0.01
7830,130.5,2.175,0.01
7835,130.583333333333,2.17638888888889,0.01
7840,130.666666666667,2.17777777777778,0.01
7845,130.75,2.17916666666667,0.01
7850,130.833333333333,2.18055555555556,0.01
7855,130.916666666667,2.18194444444444,0.01
7860,131,2.18333333333333,0.01
7865,131.083333333333,2.18472222222222,0.01
7870,131.166666666667,2.18611111111111,0.01
7875,131.25,2.1875,0.01
7880,131.333333333333,2.18888888888889,0.01
7885,131.416666666667,2.19027777777778,0.01
7890,131.5,2.19166666666667,0.01
7895,131.583333333333,2.19305555555556,0.01
7900,131.666666666667,2.19444444444444,0.01
7905,131.75,2.19583333333333,0.01
7910,131.833333333333,2.19722222222222,0.01
7915,131.916666666667,2.19861111111111,0.01
7920,132,2.2,0.01
7925,132.083333333333,2.20138888888889,0.01
7930,132.166666666667,2.20277777777778,0.01
7935,132.25,2.20416666666667,0.01
7940,132.333333333333,2.20555555555556,0.01
7945,132.416666666667,2.20694444444444,0.01
7950,132.5,2.20833333333333,0.01
7955,132.583333333333,2.20972222222222,0.01
7960,132.666666666667,2.21111111111111,0.01
7965,132.75,2.2125,0.01
7970,132.833333333333,2.21388888888889,0.01
7975,132.916666666667,2.21527777777778,0.01
7980,133,2.21666666666667,0.01
7985,133.083333333333,2.21805555555556,0.01
7990,133.166666666667,2.21944444444444,0.01
7995,133.25,2.22083333333333,0.01
8000,133.333333333333,2.22222222222222,0.01
8005,133.416666666667,2.22361111111111,0.01
8010,133.5,2.225,0.01
8015,133.583333333333,2.22638888888889,0.01
8020,133.666666666667,2.22777777777778,0.01
8025,133.75,2.22916666666667,0.01
8030,133.833333333333,2.23055555555556,0.01
8035,133.916666666667,2.23194444444444,0.01
8040,134,2.23333333333333,0.01
8045,134.083333333333,2.23472222222222,0.01
8050,134.166666666667,2.23611111111111,0.01
8055,134.25,2.2375,0.01
8060,134.333333333333,2.23888888888889,0.01
8065,134.416666666667,2.24027777777778,0.01
8070,134.5,2.24166666666667,0.01
8075,134.583333333333,2.24305555555556,0.01
8080,134.666666666667,2.24444444444444,0.01
8085,134.75,2.24583333333333,0.01
8090,134.833333333333,2.24722222222222,0.01
8095,134.916666666667,2.24861111111111,0.01
8100,135,2.25,0.01
8105,135.083333333333,2.25138888888889,0.01
8110,135.166666666667,2.25277777777778,0.01
8115,135.25,2.25416666666667,0.01
8120,135.333333333333,2.25555555555556,0.01
8125,135.416666666667,2.25694444444444,0.01
8130,135.5,2.25833333333333,0.01
8135,135.583333333333,2.25972222222222,0.01
8140,135.666666666667,2.26111111111111,0.01
8145,135.75,2.2625,0.01
8150,135.833333333333,2.26388888888889,0.01
8155,135.916666666667,2.26527777777778,0.01
8160,136,2.26666666666667,0.01
8165,136.083333333333,2.26805555555556,0.01
8170,136.166666666667,2.26944444444444,0.01
8175,136.25,2.27083333333333,0.01
8180,136.333333333333,2.27222222222222,0.01
8185,136.416666666667,2.27361111111111,0.01
8190,136.5,2.275,0.01
8195,136.583333333333,2.27638888888889,0.01
8200,136.666666666667,2.27777777777778,0.01
8205,136.75,2.27916666666667,0.01
8210,136.833333333333,2.28055555555556,0.01
8215,136.916666666667,2.28194444444444,0
8220,137,2.28333333333333,0
8225,137.083333333333,2.28472222222222,0
8230,137.166666666667,2.28611111111111,0
8235,137.25,2.2875,0
8240,137.333333333333,2.28888888888889,0
8245,137.416666666667,2.29027777777778,0
8250,137.5,2.29166666666667,0
8255,137.583333333333,2.29305555555556,0
8260,137.666666666667,2.29444444444444,0
8265,137.75,2.29583333333333,0
8270,137.833333333333,2.29722222222222,0
8275,137.916666666667,2.29861111111111,0
8280,138,2.3,0
8285,138.083333333333,2.30138888888889,0
8290,138.166666666667,2.30277777777778,0
8295,138.25,2.30416666666667,0
8300,138.333333333333,2.30555555555556,0
8305,138.416666666667,2.30694444444444,0
8310,138.5,2.30833333333333,0
8315,138.583333333333,2.30972222222222,0
8320,138.666666666667,2.31111111111111,0
8325,138.75,2.3125,0
8330,138.833333333333,2.31388888888889,0
8335,138.916666666667,2.31527777777778,0
8340,139,2.31666666666667,0
8345,139.083333333333,2.31805555555556,0
8350,139.166666666667,2.31944444444444,0
8355,139.25,2.32083333333333,0
8360,139.333333333333,2.32222222222222,0
8365,139.416666666667,2.32361111111111,0
8370,139.5,2.325,0
8375,139.583333333333,2.32638888888889,0
8380,139.666666666667,2.32777777777778,0
8385,139.75,2.32916666666667,0
8390,139.833333333333,2.33055555555556,0
8395,139.916666666667,2.33194444444444,0
8400,140,2.33333333333333,0
8405,140.083333333333,2.33472222222222,0
8410,140.166666666667,2.33611111111111,0
8415,140.25,2.3375,0
8420,140.333333333333,2.33888888888889,0
8425,140.416666666667,2.34027777777778,0
8430,140.5,2.34166666666667,0
8435,140.583333333333,2.34305555555556,0
8440,140.666666666667,2.34444444444444,0
8445,140.75,2.34583333333333,0
8450,140.833333333333,2.34722222222222,0
8455,140.916666666667,2.34861111111111,0
8460,141,2.35,0
8465,141.083333333333,2.35138888888889,0
8470,141.166666666667,2.35277777777778,0
8475,141.25,2.35416666666667,0
8480,141.333333333333,2.35555555555556,0
8485,141.416666666667,2.35694444444444,0
8490,141.5,2.35833333333333,0
8495,141.583333333333,2.35972222222222,0
8500,141.666666666667,2.36111111111111,0
8505,141.75,2.3625,0
8510,141.833333333333,2.36388888888889,0
8515,141.916666666667,2.36527777777778,0
8520,142,2.36666666666667,0
8525,142.083333333333,2.36805555555556,0
8530,142.166666666667,2.36944444444444,0
8535,142.25,2.37083333333333,0
8540,142.333333333333,2.37222222222222,0
8545,142.416666666667,2.37361111111111,0
8550,142.5,2.375,0
8555,142.583333333333,2.37638888888889,0
8560,142.666666666667,2.37777777777778,0
8565,142.75,2.37916666666667,0
8570,142.833333333333,2.38055555555556,0
8575,142.916666666667,2.38194444444444,0
8580,143,2.38333333333333,0
8585,143.083333333333,2.38472222222222,0
8590,143.166666666667,2.38611111111111,0
8595,143.25,2.3875,0
8600,143.333333333333,2.38888888888889,0
8605,143.416666666667,2.39027777777778,0
8610,143.5,2.39166666666667,0
8615,143.583333333333,2.39305555555556,0
8620,143.666666666667,2.39444444444444,0
8625,143.75,2.39583333333333,0
8630,143.833333333333,2.39722222222222,0
8635,143.916666666667,2.39861111111111,0
8640,144,2.4,0
8645,144.083333333333,2.40138888888889,0
8650,144.166666666667,2.40277777777778,0
8655,144.25,2.40416666666667,0
8660,144.333333333333,2.40555555555556,0
8665,144.416666666667,2.40694444444444,0
8670,144.5,2.40833333333333,0
8675,144.583333333333,2.40972222222222,0
8680,144.666666666667,2.41111111111111,0
8685,144.75,2.4125,0
8690,144.833333333333,2.41388888888889,0
8695,144.916666666667,2.41527777777778,0
8700,145,2.41666666666667,0
8705,145.083333333333,2.41805555555556,0
8710,145.166666666667,2.41944444444444,0
8715,145.25,2.42083333333333,0
8720,145.333333333333,2.42222222222222,0
8725,145.416666666667,2.42361111111111,0
8730,145.5,2.425,0
8735,145.583333333333,2.42638888888889,0
8740,145.666666666667,2.42777777777778,0
8745,145.75,2.42916666666667,0
8750,145.833333333333,2.43055555555556,0
8755,145.916666666667,2.43194444444444,0
8760,146,2.43333333333333,0
8765,146.083333333333,2.43472222222222,0
8770,146.166666666667,2.43611111111111,0
8775,146.25,2.4375,0
8780,146.333333333333,2.43888888888889,0
8785,146.416666666667,2.44027777777778,0
8790,146.5,2.44166666666667,0
8795,146.583333333333,2.44305555555556,0
8800,146.666666666667,2.44444444444444,0
8805,146.75,2.44583333333333,0
8810,146.833333333333,2.44722222222222,0
8815,146.916666666667,2.44861111111111,0
8820,147,2.45,0
8825,147.083333333333,2.45138888888889,0
8830,147.166666666667,2.45277777777778,0
8835,147.25,2.45416666666667,0
8840,147.333333333333,2.45555555555556,0
8845,147.416666666667,2.45694444444444,0
8850,147.5,2.45833333333333,0
8855,147.583333333333,2.45972222222222,0
8860,147.666666666667,2.46111111111111,0
8865,147.75,2.4625,0
8870,147.833333333333,2.46388888888889,0
8875,147.916666666667,2.46527777777778,0
8880,148,2.46666666666667,0
8885,148.083333333333,2.46805555555556,0
8890,148.166666666667,2.46944444444444,0
8895,148.25,2.47083333333333,0
8900,148.333333333333,2.47222222222222,0
8905,148.416666666667,2.47361111111111,0
8910,148.5,2.475,0
8915,148.583333333333,2.47638888888889,0
8920,148.666666666667,2.47777777777778,0
8925,148.75,2.47916666666667,0
8930,148.833333333333,2.48055555555556,0
8935,148.916666666667,2.48194444444444,0
8940,149,2.48333333333333,0
8945,149.083333333333,2.48472222222222,0
8950,149.166666666667,2.48611111111111,0
8955,149.25,2.4875,0
8960,149.333333333333,2.48888888888889,0
8965,149.416666666667,2.49027777777778,0
8970,149.5,2.49166666666667,0
8975,149.583333333333,2.49305555555556,0
8980,149.666666666667,2.49444444444444,0
8985,149.75,2.49583333333333,0
8990,149.833333333333,2.49722222222222,0
8995,149.916666666667,2.49861111111111,0
9000,150,2.5,0
9005,150.083333333333,2.50138888888889,0
9010,150.166666666667,2.50277777777778,0
9015,150.25,2.50416666666667,0
9020,150.333333333333,2.50555555555556,0
9025,150.416666666667,2.50694444444444,0
9030,150.5,2.50833333333333,0
9035,150.583333333333,2.50972222222222,0
9040,150.666666666667,2.51111111111111,0
9045,150.75,2.5125,0
9050,150.833333333333,2.51388888888889,0
9055,150.916666666667,2.51527777777778,0
9060,151,2.51666666666667,0
9065,151.083333333333,2.51805555555556,0
9070,151.166666666667,2.51944444444444,0
9075,151.25,2.52083333333333,0
9080,151.333333333333,2.52222222222222,0
9085,151.416666666667,2.52361111111111,0
9090,151.5,2.525,0
9095,151.583333333333,2.52638888888889,0
9100,151.666666666667,2.52777777777778,0
9105,151.75,2.52916666666667,0
9110,151.833333333333,2.53055555555556,0
9115,151.916666666667,2.53194444444444,0
9120,152,2.53333333333333,0
9125,152.083333333333,2.53472222222222,0
9130,152.166666666667,2.53611111111111,0
9135,152.25,2.5375,0
9140,152.333333333333,2.53888888888889,0
9145,152.416666666667,2.54027777777778,0
9150,152.5,2.54166666666667,0
9155,152.583333333333,2.54305555555556,0
9160,152.666666666667,2.54444444444444,0
9165,152.75,2.54583333333333,0
9170,152.833333333333,2.54722222222222,0
9175,152.916666666667,2.54861111111111,0
9180,153,2.55,0
9185,153.083333333333,2.55138888888889,0
9190,153.166666666667,2.55277777777778,0
9195,153.25,2.55416666666667,0
9200,153.333333333333,2.55555555555556,0
9205,153.416666666667,2.55694444444444,0
9210,153.5,2.55833333333333,0
9215,153.583333333333,2.55972222222222,0
9220,153.666666666667,2.56111111111111,0
9225,153.75,2.5625,0
9230,153.833333333333,2.56388888888889,0
9235,153.916666666667,2.56527777777778,0
9240,154,2.56666666666667,0
9245,154.083333333333,2.56805555555556,0
9250,154.166666666667,2.56944444444444,0
9255,154.25,2.57083333333333,0
9260,154.333333333333,2.57222222222222,0
9265,154.416666666667,2.57361111111111,0
9270,154.5,2.575,0
9275,154.583333333333,2.57638888888889,0
9280,154.666666666667,2.57777777777778,0
9285,154.75,2.57916666666667,0
9290,154.833333333333,2.58055555555556,0
9295,154.916666666667,2.58194444444444,0
9300,155,2.58333333333333,0
9305,155.083333333333,2.58472222222222,0
9310,155.166666666667,2.58611111111111,0
9315,155.25,2.5875,0
9320,155.333333333333,2.58888888888889,0
9325,155.416666666667,2.59027777777778,0
9330,155.5,2.59166666666667,0
9335,155.583333333333,2.59305555555556,0
9340,155.666666666667,2.59444444444444,0
9345,155.75,2.59583333333333,0
9350,155.833333333333,2.59722222222222,0
9355,155.916666666667,2.59861111111111,0
9360,156,2.6,0
9365,156.083333333333,2.60138888888889,0
9370,156.166666666667,2.60277777777778,0
9375,156.25,2.60416666666667,0
9380,156.333333333333,2.60555555555556,0
9385,156.416666666667,2.60694444444444,0
9390,156.5,2.60833333333333,0
9395,156.583333333333,2.60972222222222,0
9400,156.666666666667,2.61111111111111,0
9405,156.75,2.6125,0
9410,156.833333333333,2.61388888888889,0
9415,156.916666666667,2.61527777777778,0
9420,157,2.61666666666667,0
9425,157.083333333333,2.61805555555556,0
9430,157.166666666667,2.61944444444444,0
9435,157.25,2.62083333333333,0
9440,157.333333333333,2.62222222222222,0
9445,157.416666666667,2.62361111111111,0
9450,157.5,2.625,0
9455,157.583333333333,2.62638888888889,0
9460,157.666666666667,2.62777777777778,0
9465,157.75,2.62916666666667,0
9470,157.833333333333,2.63055555555556,0
9475,157.916666666667,2.63194444444444,0
9480,158,2.63333333333333,0
9485,158.083333333333,2.63472222222222,0
9490,158.166666666667,2.63611111111111,0
9495,158.25,2.6375,0
9500,158.333333333333,2.63888888888889,0
9505,158.416666666667,2.64027777777778,0
9510,158.5,2.64166666666667,0
9515,158.583333333333,2.64305555555556,0
9520,158.666666666667,2.64444444444444,0
9525,158.75,2.64583333333333,0
9530,158.833333333333,2.64722222222222,0
9535,158.916666666667,2.64861111111111,0
9540,159,2.65,0
9545,159.083333333333,2.65138888888889,0
9550,159.166666666667,2.65277777777778,0
9555,159.25,2.65416666666667,0
9560,159.333333333333,2.65555555555556,0
9565,159.416666666667,2.65694444444444,0
9570,159.5,2.65833333333333,0
9575,159.583333333333,2.65972222222222,0
9580,159.666666666667,2.66111111111111,0
9585,159.75,2.6625,0
9590,159.833333333333,2.66388888888889,0
9595,159.916666666667,2.66527777777778,0
9600,160,2.66666666666667,0
9605,160.083333333333,2.66805555555556,0
9610,160.166666666667,2.66944444444444,0
9615,160.25,2.67083333333333,0
9620,160.333333333333,2.67222222222222,0
9625,160.416666666667,2.67361111111111,0
9630,160.5,2.675,0
9635,160.583333333333,2.67638888888889,0
9640,160.666666666667,2.67777777777778,0
9645,160.75,2.67916666666667,0
9650,160.833333333333,2.68055555555556,0
9655,160.916666666667,2.68194444444444,0
9660,161,2.68333333333333,0
9665,161.083333333333,2.68472222222222,0
9670,161.166666666667,2.68611111111111,0
9675,161.25,2.6875,0
9680,161.333333333333,2.68888888888889,0
9685,161.416666666667,2.69027777777778,0
9690,161.5,2.69166666666667,0
9695,161.583333333333,2.69305555555556,0
9700,161.666666666667,2.69444444444444,0
9705,161.75,2.69583333333333,0
9710,161.833333333333,2.69722222222222,0
9715,161.916666666667,2.69861111111111,0
9720,162,2.7,0
9725,162.083333333333,2.70138888888889,0
9730,162.166666666667,2.70277777777778,0
9735,162.25,2.70416666666667,0
9740,162.333333333333,2.70555555555556,0
9745,162.416666666667,2.70694444444444,0
9750,162.5,2.70833333333333,0
9755,162.583333333333,2.70972222222222,0
9760,162.666666666667,2.71111111111111,0
9765,162.75,2.7125,0
9770,162.833333333333,2.71388888888889,0
9775,162.916666666667,2.71527777777778,0
9780,163,2.71666666666667,0
9785,163.083333333333,2.71805555555556,0
9790,163.166666666667,2.71944444444444,0
9795,163.25,2.72083333333333,0
9800,163.333333333333,2.72222222222222,0
9805,163.416666666667,2.72361111111111,0
9810,163.5,2.725,0
9815,163.583333333333,2.72638888888889,0
9820,163.666666666667,2.72777777777778,0
9825,163.75,2.72916666666667,0
9830,163.833333333333,2.73055555555556,0
9835,163.916666666667,2.73194444444444,0
9840,164,2.73333333333333,0
9845,164.083333333333,2.73472222222222,0
9850,164.166666666667,2.73611111111111,0
9855,164.25,2.7375,0
9860,164.333333333333,2.73888888888889,0
9865,164.416666666667,2.74027777777778,0
9870,164.5,2.74166666666667,0
9875,164.583333333333,2.74305555555556,0
9880,164.666666666667,2.74444444444444,0
9885,164.75,2.74583333333333,0
9890,164.833333333333,2.74722222222222,0
9895,164.916666666667,2.74861111111111,0
9900,165,2.75,0
9905,165.083333333333,2.75138888888889,0
9910,165.166666666667,2.75277777777778,0
9915,165.25,2.75416666666667,0
9920,165.333333333333,2.75555555555556,0
9925,165.416666666667,2.75694444444444,0
9930,165.5,2.75833333333333,0
9935,165.583333333333,2.75972222222222,0
9940,165.666666666667,2.76111111111111,0
9945,165.75,2.7625,0
9950,165.833333333333,2.76388888888889,0
9955,165.916666666667,2.76527777777778,0
9960,166,2.76666666666667,0
9965,166.083333333333,2.76805555555556,0
9970,166.166666666667,2.76944444444444,0
9975,166.25,2.77083333333333,0
9980,166.333333333333,2.77222222222222,0
9985,166.416666666667,2.77361111111111,0
9990,166.5,2.775,0
9995,166.583333333333,2.77638888888889,0
10000,166.666666666667,2.77777777777778,0
10005,166.75,2.77916666666667,0
10010,166.833333333333,2.78055555555556,0
10015,166.916666666667,2.78194444444444,0
10020,167,2.78333333333333,0
10025,167.083333333333,2.78472222222222,0
10030,167.166666666667,2.78611111111111,0
10035,167.25,2.7875,0
10040,167.333333333333,2.78888888888889,0
10045,167.416666666667,2.79027777777778,0
10050,167.5,2.79166666666667,0
10055,167.583333333333,2.79305555555556,0
10060,167.666666666667,2.79444444444444,0
10065,167.75,2.79583333333333,0
10070,167.833333333333,2.79722222222222,0
10075,167.916666666667,2.79861111111111,0
10080,168,2.8,0
10085,168.083333333333,2.80138888888889,0
10090,168.166666666667,2.80277777777778,0
10095,168.25,2.80416666666667,0
10100,168.333333333333,2.80555555555556,0
10105,168.416666666667,2.80694444444444,0
10110,168.5,2.80833333333333,0
10115,168.583333333333,2.80972222222222,0
10120,168.666666666667,2.81111111111111,0
10125,168.75,2.8125,0
10130,168.833333333333,2.81388888888889,0
10135,168.916666666667,2.81527777777778,0
10140,169,2.81666666666667,0
10145,169.083333333333,2.81805555555556,0
10150,169.166666666667,2.81944444444444,0
10155,169.25,2.82083333333333,0
10160,169.333333333333,2.82222222222222,0
10165,169.416666666667,2.82361111111111,0
10170,169.5,2.825,0
10175,169.583333333333,2.82638888888889,0
10180,169.666666666667,2.82777777777778,0
10185,169.75,2.82916666666667,0
10190,169.833333333333,2.83055555555556,0
10195,169.916666666667,2.83194444444444,0
10200,170,2.83333333333333,0
10205,170.083333333333,2.83472222222222,0
10210,170.166666666667,2.83611111111111,0
10215,170.25,2.8375,0
10220,170.333333333333,2.83888888888889,0
10225,170.416666666667,2.84027777777778,0
10230,170.5,2.84166666666667,0
10235,170.583333333333,2.84305555555556,0
10240,170.666666666667,2.84444444444444,0
10245,170.75,2.84583333333333,0
10250,170.833333333333,2.84722222222222,0
10255,170.916666666667,2.84861111111111,0
10260,171,2.85,0
10265,171.083333333333,2.85138888888889,0
10270,171.166666666667,2.85277777777778,0
10275,171.25,2.85416666666667,0
10280,171.333333333333,2.85555555555556,0
10285,171.416666666667,2.85694444444444,0
10290,171.5,2.85833333333333,0
10295,171.583333333333,2.85972222222222,0
10300,171.666666666667,2.86111111111111,0
10305,171.75,2.8625,0
10310,171.833333333333,2.86388888888889,0
10315,171.916666666667,2.86527777777778,0
10320,172,2.86666666666667,0
10325,172.083333333333,2.86805555555556,0
10330,172.166666666667,2.86944444444444,0
10335,172.25,2.87083333333333,0
10340,172.333333333333,2.87222222222222,0
10345,172.416666666667,2.87361111111111,0
10350,172.5,2.875,0
10355,172.583333333333,2.87638888888889,0
10360,172.666666666667,2.87777777777778,0
10365,172.75,2.87916666666667,0
10370,172.833333333333,2.88055555555556,0
10375,172.916666666667,2.88194444444444,0
10380,173,2.88333333333333,0
10385,173.083333333333,2.88472222222222,0
10390,173.166666666667,2.88611111111111,0
10395,173.25,2.8875,0
10400,173.333333333333,2.88888888888889,0
10405,173.416666666667,2.89027777777778,0
10410,173.5,2.89166666666667,0
10415,173.583333333333,2.89305555555556,0
10420,173.666666666667,2.89444444444444,0
10425,173.75,2.89583333333333,0
10430,173.833333333333,2.89722222222222,0
10435,173.916666666667,2.89861111111111,0
10440,174,2.9,0
10445,174.083333333333,2.90138888888889,0
10450,174.166666666667,2.90277777777778,0
10455,174.25,2.90416666666667,0
10460,174.333333333333,2.90555555555556,0
10465,174.416666666667,2.90694444444444,0
10470,174.5,2.90833333333333,0
10475,174.583333333333,2.90972222222222,0
10480,174.666666666667,2.91111111111111,0
10485,174.75,2.9125,0
10490,174.833333333333,2.91388888888889,0
10495,174.916666666667,2.91527777777778,0
10500,175,2.91666666666667,0
10505,175.083333333333,2.91805555555556,0
10510,175.166666666667,2.91944444444444,0
10515,175.25,2.92083333333333,0
10520,175.333333333333,2.92222222222222,0
10525,175.416666666667,2.92361111111111,0
10530,175.5,2.925,0
10535,175.583333333333,2.92638888888889,0
10540,175.666666666667,2.92777777777778,0
10545,175.75,2.92916666666667,0
10550,175.833333333333,2.93055555555556,0
10555,175.916666666667,2.93194444444444,0
10560,176,2.93333333333333,0
10565,176.083333333333,2.93472222222222,0
10570,176.166666666667,2.93611111111111,0
10575,176.25,2.9375,0
10580,176.333333333333,2.93888888888889,0
10585,176.416666666667,2.94027777777778,0
10590,176.5,2.94166666666667,0
10595,176.583333333333,2.94305555555556,0
10600,176.666666666667,2.94444444444444,0
10605,176.75,2.94583333333333,0
10610,176.833333333333,2.94722222222222,0
10615,176.916666666667,2.94861111111111,0
10620,177,2.95,0
10625,177.083333333333,2.95138888888889,0
10630,177.166666666667,2.95277777777778,0
10635,177.25,2.95416666666667,0
10640,177.333333333333,2.95555555555556,0
10645,177.416666666667,2.95694444444444,0
10650,177.5,2.95833333333333,0
10655,177.583333333333,2.95972222222222,0
10660,177.666666666667,2.96111111111111,0
10665,177.75,2.9625,0
10670,177.833333333333,2.96388888888889,0
10675,177.916666666667,2.96527777777778,0
10680,178,2.96666666666667,0
10685,178.083333333333,2.96805555555556,0
10690,178.166666666667,2.96944444444444,0
10695,178.25,2.97083333333333,0
10700,178.333333333333,2.97222222222222,0
10705,178.416666666667,2.97361111111111,0
10710,178.5,2.975,0
10715,178.583333333333,2.97638888888889,0
10720,178.666666666667,2.97777777777778,0
10725,178.75,2.97916666666667,0
10730,178.833333333333,2.98055555555556,0
10735,178.916666666667,2.98194444444444,0
10740,179,2.98333333333333,0
10745,179.083333333333,2.98472222222222,0
10750,179.166666666667,2.98611111111111,0
10755,179.25,2.9875,0
10760,179.333333333333,2.98888888888889,0
10765,179.416666666667,2.99027777777778,0
10770,179.5,2.99166666666667,0
10775,179.583333333333,2.99305555555556,0
10780,179.666666666667,2.99444444444444,0
10785,179.75,2.99583333333333,0
10790,179.833333333333,2.99722222222222,0
10795,179.916666666667,2.99861111111111,0
10800,180,3,0
10805,180.083333333333,3.00138888888889,0
10810,180.166666666667,3.00277777777778,0
10815,180.25,3.00416666666667,0
10820,180.333333333333,3.00555555555556,0
10825,180.416666666667,3.00694444444444,0
10830,180.5,3.00833333333333,0
10835,180.583333333333,3.00972222222222,0
10840,180.666666666667,3.01111111111111,0
10845,180.75,3.0125,0
10850,180.833333333333,3.01388888888889,0
10855,180.916666666667,3.01527777777778,0
10860,181,3.01666666666667,0
10865,181.083333333333,3.01805555555556,0
10870,181.166666666667,3.01944444444444,0
10875,181.25,3.02083333333333,0
10880,181.333333333333,3.02222222222222,0
10885,181.416666666667,3.02361111111111,0
10890,181.5,3.025,0
10895,181.583333333333,3.02638888888889,0
10900,181.666666666667,3.02777777777778,0
10905,181.75,3.02916666666667,0
10910,181.833333333333,3.03055555555556,0
10915,181.916666666667,3.03194444444444,0
10920,182,3.03333333333333,0
10925,182.083333333333,3.03472222222222,0
10930,182.166666666667,3.03611111111111,0
10935,182.25,3.0375,0
10940,182.333333333333,3.03888888888889,0
10945,182.416666666667,3.04027777777778,0
10950,182.5,3.04166666666667,0
10955,182.583333333333,3.04305555555556,0
10960,182.666666666667,3.04444444444444,0
10965,182.75,3.04583333333333,0
10970,182.833333333333,3.04722222222222,0
10975,182.916666666667,3.04861111111111,0
10980,183,3.05,0
10985,183.083333333333,3.05138888888889,0
10990,183.166666666667,3.05277777777778,0
10995,183.25,3.05416666666667,0
11000,183.333333333333,3.05555555555556,0
11005,183.416666666667,3.05694444444444,0
11010,183.5,3.05833333333333,0
11015,183.583333333333,3.05972222222222,0
11020,183.666666666667,3.06111111111111,0
11025,183.75,3.0625,0
11030,183.833333333333,3.06388888888889,0
11035,183.916666666667,3.06527777777778,0
11040,184,3.06666666666667,0
11045,184.083333333333,3.06805555555556,0
11050,184.166666666667,3.06944444444444,0
11055,184.25,3.07083333333333,0
11060,184.333333333333,3.07222222222222,0
11065,184.416666666667,3.07361111111111,0
11070,184.5,3.075,0
11075,184.583333333333,3.07638888888889,0
11080,184.666666666667,3.07777777777778,0
11085,184.75,3.07916666666667,0
11090,184.833333333333,3.08055555555556,0
11095,184.916666666667,3.08194444444444,0
11100,185,3.08333333333333,0
11105,185.083333333333,3.08472222222222,0
11110,185.166666666667,3.08611111111111,0
11115,185.25,3.0875,0
11120,185.333333333333,3.08888888888889,0
11125,185.416666666667,3.09027777777778,0
11130,185.5,3.09166666666667,0
11135,185.583333333333,3.09305555555556,0
11140,185.666666666667,3.09444444444444,0
11145,185.75,3.09583333333333,0
11150,185.833333333333,3.09722222222222,0
11155,185.916666666667,3.09861111111111,0
11160,186,3.1,0
11165,186.083333333333,3.10138888888889,0
11170,186.166666666667,3.10277777777778,0
11175,186.25,3.10416666666667,0
11180,186.333333333333,3.10555555555556,0
11185,186.416666666667,3.10694444444444,0
11190,186.5,3.10833333333333,0
11195,186.583333333333,3.10972222222222,0
11200,186.666666666667,3.11111111111111,0
11205,186.75,3.1125,0
11210,186.833333333333,3.11388888888889,0
11215,186.916666666667,3.11527777777778,0
11220,187,3.11666666666667,0
11225,187.083333333333,3.11805555555556,0
11230,187.166666666667,3.11944444444444,0
11235,187.25,3.12083333333333,0
11240,187.333333333333,3.12222222222222,0
11245,187.416666666667,3.12361111111111,0
11250,187.5,3.125,0
11255,187.583333333333,3.12638888888889,0
11260,187.666666666667,3.12777777777778,0
11265,187.75,3.12916666666667,0
11270,187.833333333333,3.13055555555556,0
11275,187.916666666667,3.13194444444444,0
11280,188,3.13333333333333,0
11285,188.083333333333,3.13472222222222,0
11290,188.166666666667,3.13611111111111,0
11295,188.25,3.1375,0
11300,188.333333333333,3.13888888888889,0
11305,188.416666666667,3.14027777777778,0
11310,188.5,3.14166666666667,0
11315,188.583333333333,3.14305555555556,0
11320,188.666666666667,3.14444444444444,0
11325,188.75,3.14583333333333,0
11330,188.833333333333,3.14722222222222,0
11335,188.916666666667,3.14861111111111,0
11340,189,3.15,0
11345,189.083333333333,3.15138888888889,0
11350,189.166666666667,3.15277777777778,0
11355,189.25,3.15416666666667,0
11360,189.333333333333,3.15555555555556,0
11365,189.416666666667,3.15694444444444,0
11370,189.5,3.15833333333333,0
11375,189.583333333333,3.15972222222222,0
11380,189.666666666667,3.16111111111111,0
11385,189.75,3.1625,0
11390,189.833333333333,3.16388888888889,0
11395,189.916666666667,3.16527777777778,0
11400,190,3.16666666666667,0
11405,190.083333333333,3.16805555555556,0
11410,190.166666666667,3.16944444444444,0
11415,190.25,3.17083333333333,0
11420,190.333333333333,3.17222222222222,0
11425,190.416666666667,3.17361111111111,0
11430,190.5,3.175,0
11435,190.583333333333,3.17638888888889,0
11440,190.666666666667,3.17777777777778,0
11445,190.75,3.17916666666667,0
11450,190.833333333333,3.18055555555556,0
11455,190.916666666667,3.18194444444444,0
11460,191,3.18333333333333,0
11465,191.083333333333,3.18472222222222,0
11470,191.166666666667,3.18611111111111,0
11475,191.25,3.1875,0
11480,191.333333333333,3.18888888888889,0
11485,191.416666666667,3.19027777777778,0
11490,191.5,3.19166666666667,0
11495,191.583333333333,3.19305555555556,0
11500,191.666666666667,3.19444444444444,0
11505,191.75,3.19583333333333,0
11510,191.833333333333,3.19722222222222,0
11515,191.916666666667,3.19861111111111,0
11520,192,3.2,0
11525,192.083333333333,3.20138888888889,0
11530,192.166666666667,3.20277777777778,0
11535,192.25,3.20416666666667,0
11540,192.333333333333,3.20555555555556,0
11545,192.416666666667,3.20694444444444,0
11550,192.5,3.20833333333333,0
11555,192.583333333333,3.20972222222222,0
11560,192.666666666667,3.21111111111111,0
11565,192.75,3.2125,0
11570,192.833333333333,3.21388888888889,0
11575,192.916666666667,3.21527777777778,0
11580,193,3.21666666666667,0
11585,193.083333333333,3.21805555555556,0
11590,193.166666666667,3.21944444444444,0
11595,193.25,3.22083333333333,0
11600,193.333333333333,3.22222222222222,0
11605,193.416666666667,3.22361111111111,0
11610,193.5,3.225,0
11615,193.583333333333,3.22638888888889,0
11620,193.666666666667,3.22777777777778,0
11625,193.75,3.22916666666667,0
11630,193.833333333333,3.23055555555556,0
11635,193.916666666667,3.23194444444444,0
11640,194,3.23333333333333,0
11645,194.083333333333,3.23472222222222,0
11650,194.166666666667,3.23611111111111,0
11655,194.25,3.2375,0
11660,194.333333333333,3.23888888888889,0
11665,194.416666666667,3.24027777777778,0
11670,194.5,3.24166666666667,0
11675,194.583333333333,3.24305555555556,0
11680,194.666666666667,3.24444444444444,0
11685,194.75,3.24583333333333,0
11690,194.833333333333,3.24722222222222,0
11695,194.916666666667,3.24861111111111,0
11700,195,3.25,0
11705,195.083333333333,3.25138888888889,0
11710,195.166666666667,3.25277777777778,0
11715,195.25,3.25416666666667,0
11720,195.333333333333,3.25555555555556,0
11725,195.416666666667,3.25694444444444,0
11730,195.5,3.25833333333333,0
11735,195.583333333333,3.25972222222222,0
11740,195.666666666667,3.26111111111111,0
11745,195.75,3.2625,0
11750,195.833333333333,3.26388888888889,0
11755,195.916666666667,3.26527777777778,0
11760,196,3.26666666666667,0
11765,196.083333333333,3.26805555555556,0
11770,196.166666666667,3.26944444444444,0
11775,196.25,3.27083333333333,0
11780,196.333333333333,3.27222222222222,0
11785,196.416666666667,3.27361111111111,0
11790,196.5,3.275,0
11795,196.583333333333,3.27638888888889,0
11800,196.666666666667,3.27777777777778,0
11805,196.75,3.27916666666667,0
11810,196.833333333333,3.28055555555556,0
11815,196.916666666667,3.28194444444444,0
11820,197,3.28333333333333,0
11825,197.083333333333,3.28472222222222,0
11830,197.166666666667,3.28611111111111,0
11835,197.25,3.2875,0
11840,197.333333333333,3.28888888888889,0
11845,197.416666666667,3.29027777777778,0
11850,197.5,3.29166666666667,0
11855,197.583333333333,3.29305555555556,0
11860,197.666666666667,3.29444444444444,0
11865,197.75,3.29583333333333,0
11870,197.833333333333,3.29722222222222,0
11875,197.916666666667,3.29861111111111,0
11880,198,3.3,0
11885,198.083333333333,3.30138888888889,0
11890,198.166666666667,3.30277777777778,0
11895,198.25,3.30416666666667,0
11900,198.333333333333,3.30555555555556,0
11905,198.416666666667,3.30694444444444,0
11910,198.5,3.30833333333333,0
11915,198.583333333333,3.30972222222222,0
11920,198.666666666667,3.31111111111111,0
11925,198.75,3.3125,0
11930,198.833333333333,3.31388888888889,0
11935,198.916666666667,3.31527777777778,0
11940,199,3.31666666666667,0
11945,199.083333333333,3.31805555555556,0
11950,199.166666666667,3.31944444444444,0
11955,199.25,3.32083333333333,0
11960,199.333333333333,3.32222222222222,0
11965,199.416666666667,3.32361111111111,0
11970,199.5,3.325,0
11975,199.583333333333,3.32638888888889,0
11980,199.666666666667,3.32777777777778,0
11985,199.75,3.32916666666667,0
11990,199.833333333333,3.33055555555556,0
11995,199.916666666667,3.33194444444444,0
12000,200,3.33333333333333,0
12005,200.083333333333,3.33472222222222,0
12010,200.166666666667,3.33611111111111,0
12015,200.25,3.3375,0
12020,200.333333333333,3.33888888888889,0
12025,200.416666666667,3.34027777777778,0
12030,200.5,3.34166666666667,0
12035,200.583333333333,3.34305555555556,0
12040,200.666666666667,3.34444444444444,0
12045,200.75,3.34583333333333,0
12050,200.833333333333,3.34722222222222,0
12055,200.916666666667,3.34861111111111,0
12060,201,3.35,0
12065,201.083333333333,3.35138888888889,0
12070,201.166666666667,3.35277777777778,0
12075,201.25,3.35416666666667,0
12080,201.333333333333,3.35555555555556,0
12085,201.416666666667,3.35694444444444,0
12090,201.5,3.35833333333333,0
12095,201.583333333333,3.35972222222222,0
12100,201.666666666667,3.36111111111111,0
12105,201.75,3.3625,0
12110,201.833333333333,3.36388888888889,0
12115,201.916666666667,3.36527777777778,0
12120,202,3.36666666666667,0
12125,202.083333333333,3.36805555555556,0
12130,202.166666666667,3.36944444444444,0
12135,202.25,3.37083333333333,0
12140,202.333333333333,3.37222222222222,0
12145,202.416666666667,3.37361111111111,0
12150,202.5,3.375,0
12155,202.583333333333,3.37638888888889,0
12160,202.666666666667,3.37777777777778,0
12165,202.75,3.37916666666667,0
12170,202.833333333333,3.38055555555556,0
12175,202.916666666667,3.38194444444444,0
12180,203,3.38333333333333,0
12185,203.083333333333,3.38472222222222,0
12190,203.166666666667,3.38611111111111,0
12195,203.25,3.3875,0
12200,203.333333333333,3.38888888888889,0
12205,203.416666666667,3.39027777777778,0
12210,203.5,3.39166666666667,0
12215,203.583333333333,3.39305555555556,0
12220,203.666666666667,3.39444444444444,0
12225,203.75,3.39583333333333,0
12230,203.833333333333,3.39722222222222,0
12235,203.916666666667,3.39861111111111,0
12240,204,3.4,0
12245,204.083333333333,3.40138888888889,0
12250,204.166666666667,3.40277777777778,0
12255,204.25,3.40416666666667,0
12260,204.333333333333,3.40555555555556,0
12265,204.416666666667,3.40694444444444,0
12270,204.5,3.40833333333333,0
12275,204.583333333333,3.40972222222222,0
12280,204.666666666667,3.41111111111111,0
12285,204.75,3.4125,0
12290,204.833333333333,3.41388888888889,0
12295,204.916666666667,3.41527777777778,0
12300,205,3.41666666666667,0
12305,205.083333333333,3.41805555555556,0
12310,205.166666666667,3.41944444444444,0
12315,205.25,3.42083333333333,0
12320,205.333333333333,3.42222222222222,0
12325,205.416666666667,3.42361111111111,0
12330,205.5,3.425,0
12335,205.583333333333,3.42638888888889,0
12340,205.666666666667,3.42777777777778,0
12345,205.75,3.42916666666667,0
12350,205.833333333333,3.43055555555556,0
12355,205.916666666667,3.43194444444444,0
12360,206,3.43333333333333,0
12365,206.083333333333,3.43472222222222,0
12370,206.166666666667,3.43611111111111,0
12375,206.25,3.4375,0
12380,206.333333333333,3.43888888888889,0
12385,206.416666666667,3.44027777777778,0
12390,206.5,3.44166666666667,0
12395,206.583333333333,3.44305555555556,0
12400,206.666666666667,3.44444444444444,0
12405,206.75,3.44583333333333,0
12410,206.833333333333,3.44722222222222,0
12415,206.916666666667,3.44861111111111,0
12420,207,3.45,0
12425,207.083333333333,3.45138888888889,0
12430,207.166666666667,3.45277777777778,0
12435,207.25,3.45416666666667,0
12440,207.333333333333,3.45555555555556,0
12445,207.416666666667,3.45694444444444,0
12450,207.5,3.45833333333333,0
12455,207.583333333333,3.45972222222222,0
12460,207.666666666667,3.46111111111111,0
12465,207.75,3.4625,0
12470,207.833333333333,3.46388888888889,0
12475,207.916666666667,3.46527777777778,0
12480,208,3.46666666666667,0
12485,208.083333333333,3.46805555555556,0
12490,208.166666666667,3.46944444444444,0
12495,208.25,3.47083333333333,0
12500,208.333333333333,3.47222222222222,0
12505,208.416666666667,3.47361111111111,0
12510,208.5,3.475,0
12515,208.583333333333,3.47638888888889,0
12520,208.666666666667,3.47777777777778,0
12525,208.75,3.47916666666667,0
12530,208.833333333333,3.48055555555556,0
12535,208.916666666667,3.48194444444444,0
12540,209,3.48333333333333,0
12545,209.083333333333,3.48472222222222,0
12550,209.166666666667,3.48611111111111,0
12555,209.25,3.4875,0
12560,209.333333333333,3.48888888888889,0
12565,209.416666666667,3.49027777777778,0
12570,209.5,3.49166666666667,0
12575,209.583333333333,3.49305555555556,0
12580,209.666666666667,3.49444444444444,0
12585,209.75,3.49583333333333,0
12590,209.833333333333,3.49722222222222,0
12595,209.916666666667,3.49861111111111,0
12600,210,3.5,0
12605,210.083333333333,3.50138888888889,0
12610,210.166666666667,3.50277777777778,0
12615,210.25,3.50416666666667,0
12620,210.333333333333,3.50555555555556,0
12625,210.416666666667,3.50694444444444,0
12630,210.5,3.50833333333333,0
12635,210.583333333333,3.50972222222222,0
12640,210.666666666667,3.51111111111111,0
12645,210.75,3.5125,0
12650,210.833333333333,3.51388888888889,0
12655,210.916666666667,3.51527777777778,0
12660,211,3.51666666666667,0
12665,211.083333333333,3.51805555555556,0
12670,211.166666666667,3.51944444444444,0
12675,211.25,3.52083333333333,0
12680,211.333333333333,3.52222222222222,0
12685,211.416666666667,3.52361111111111,0
12690,211.5,3.525,0
12695,211.583333333333,3.52638888888889,0
12700,211.666666666667,3.52777777777778,0
12705,211.75,3.52916666666667,0
12710,211.833333333333,3.53055555555556,0
12715,211.916666666667,3.53194444444444,0
12720,212,3.53333333333333,0
12725,212.083333333333,3.53472222222222,0
12730,212.166666666667,3.53611111111111,0
12735,212.25,3.5375,0
12740,212.333333333333,3.53888888888889,0
12745,212.416666666667,3.54027777777778,0
12750,212.5,3.54166666666667,0
12755,212.583333333333,3.54305555555556,0
12760,212.666666666667,3.54444444444444,0
12765,212.75,3.54583333333333,0
12770,212.833333333333,3.54722222222222,0
12775,212.916666666667,3.54861111111111,0
12780,213,3.55,0
12785,213.083333333333,3.55138888888889,0
12790,213.166666666667,3.55277777777778,0
12795,213.25,3.55416666666667,0
12800,213.333333333333,3.55555555555556,0
12805,213.416666666667,3.55694444444444,0
12810,213.5,3.55833333333333,0
12815,213.583333333333,3.55972222222222,0
12820,213.666666666667,3.56111111111111,0
12825,213.75,3.5625,0
12830,213.833333333333,3.56388888888889,0
12835,213.916666666667,3.56527777777778,0
12840,214,3.56666666666667,0
12845,214.083333333333,3.56805555555556,0
12850,214.166666666667,3.56944444444444,0
12855,214.25,3.57083333333333,0
12860,214.333333333333,3.57222222222222,0
12865,214.416666666667,3.57361111111111,0
12870,214.5,3.575,0
12875,214.583333333333,3.57638888888889,0
12880,214.666666666667,3.57777777777778,0
12885,214.75,3.57916666666667,0
12890,214.833333333333,3.58055555555556,0
12895,214.916666666667,3.58194444444444,0
12900,215,3.58333333333333,0
12905,215.083333333333,3.58472222222222,0
12910,215.166666666667,3.58611111111111,0
12915,215.25,3.5875,0
12920,215.333333333333,3.58888888888889,0
12925,215.416666666667,3.59027777777778,0
12930,215.5,3.59166666666667,0
12935,215.583333333333,3.59305555555556,0
12940,215.666666666667,3.59444444444444,0
12945,215.75,3.59583333333333,0
12950,215.833333333333,3.59722222222222,0
12955,215.916666666667,3.59861111111111,0
12960,216,3.6,0
12965,216.083333333333,3.60138888888889,0
12970,216.166666666667,3.60277777777778,0
12975,216.25,3.60416666666667,0
12980,216.333333333333,3.60555555555556,0
12985,216.416666666667,3.60694444444444,0
12990,216.5,3.60833333333333,0
12995,216.583333333333,3.60972222222222,0
13000,216.666666666667,3.61111111111111,0
13005,216.75,3.6125,0
13010,216.833333333333,3.61388888888889,0
13015,216.916666666667,3.61527777777778,0
13020,217,3.61666666666667,0
13025,217.083333333333,3.61805555555556,0
13030,217.166666666667,3.61944444444444,0
13035,217.25,3.62083333333333,0
13040,217.333333333333,3.62222222222222,0
13045,217.416666666667,3.62361111111111,0
13050,217.5,3.625,0
13055,217.583333333333,3.62638888888889,0
13060,217.666666666667,3.62777777777778,0
13065,217.75,3.62916666666667,0
13070,217.833333333333,3.63055555555556,0
13075,217.916666666667,3.63194444444444,0
13080,218,3.63333333333333,0
13085,218.083333333333,3.63472222222222,0
13090,218.166666666667,3.63611111111111,0
13095,218.25,3.6375,0
13100,218.333333333333,3.63888888888889,0
13105,218.416666666667,3.64027777777778,0
13110,218.5,3.64166666666667,0
13115,218.583333333333,3.64305555555556,0
13120,218.666666666667,3.64444444444444,0
13125,218.75,3.64583333333333,0
13130,218.833333333333,3.64722222222222,0
13135,218.916666666667,3.64861111111111,0
13140,219,3.65,0
13145,219.083333333333,3.65138888888889,0
13150,219.166666666667,3.65277777777778,0
13155,219.25,3.65416666666667,0
13160,219.333333333333,3.65555555555556,0
13165,219.416666666667,3.65694444444444,0
13170,219.5,3.65833333333333,0
13175,219.583333333333,3.65972222222222,0
13180,219.666666666667,3.66111111111111,0
13185,219.75,3.6625,0
13190,219.833333333333,3.66388888888889,0
13195,219.916666666667,3.66527777777778,0
13200,220,3.66666666666667,0
13205,220.083333333333,3.66805555555556,0
13210,220.166666666667,3.66944444444444,0
13215,220.25,3.67083333333333,0
13220,220.333333333333,3.67222222222222,0
13225,220.416666666667,3.67361111111111,0
13230,220.5,3.675,0
13235,220.583333333333,3.67638888888889,0
13240,220.666666666667,3.67777777777778,0
13245,220.75,3.67916666666667,0
13250,220.833333333333,3.68055555555556,0
13255,220.916666666667,3.68194444444444,0
13260,221,3.68333333333333,0
13265,221.083333333333,3.68472222222222,0
13270,221.166666666667,3.68611111111111,0
13275,221.25,3.6875,0
13280,221.333333333333,3.68888888888889,0
13285,221.416666666667,3.69027777777778,0
13290,221.5,3.69166666666667,0
13295,221.583333333333,3.69305555555556,0
13300,221.666666666667,3.69444444444444,0
13305,221.75,3.69583333333333,0
13310,221.833333333333,3.69722222222222,0
13315,221.916666666667,3.69861111111111,0
13320,222,3.7,0
13325,222.083333333333,3.70138888888889,0
13330,222.166666666667,3.70277777777778,0
13335,222.25,3.70416666666667,0
13340,222.333333333333,3.70555555555556,0
13345,222.416666666667,3.70694444444444,0
13350,222.5,3.70833333333333,0
13355,222.583333333333,3.70972222222222,0
13360,222.666666666667,3.71111111111111,0
13365,222.75,3.7125,0
13370,222.833333333333,3.71388888888889,0
13375,222.916666666667,3.71527777777778,0
13380,223,3.71666666666667,0
13385,223.083333333333,3.71805555555556,0
13390,223.166666666667,3.71944444444444,0
13395,223.25,3.72083333333333,0
13400,223.333333333333,3.72222222222222,0
13405,223.416666666667,3.72361111111111,0
13410,223.5,3.725,0
13415,223.583333333333,3.72638888888889,0
13420,223.666666666667,3.72777777777778,0
13425,223.75,3.72916666666667,0
13430,223.833333333333,3.73055555555556,0
13435,223.916666666667,3.73194444444444,0
13440,224,3.73333333333333,0
13445,224.083333333333,3.73472222222222,0
13450,224.166666666667,3.73611111111111,0
13455,224.25,3.7375,0
13460,224.333333333333,3.73888888888889,0
13465,224.416666666667,3.74027777777778,0
13470,224.5,3.74166666666667,0
13475,224.583333333333,3.74305555555556,0
13480,224.666666666667,3.74444444444444,0
13485,224.75,3.74583333333333,0
13490,224.833333333333,3.74722222222222,0
13495,224.916666666667,3.74861111111111,0
13500,225,3.75,0
13505,225.083333333333,3.75138888888889,0
13510,225.166666666667,3.75277777777778,0
13515,225.25,3.75416666666667,0
13520,225.333333333333,3.75555555555556,0
13525,225.416666666667,3.75694444444444,0
13530,225.5,3.75833333333333,0
13535,225.583333333333,3.75972222222222,0
13540,225.666666666667,3.76111111111111,0
13545,225.75,3.7625,0
13550,225.833333333333,3.76388888888889,0
13555,225.916666666667,3.76527777777778,0
13560,226,3.76666666666667,0
13565,226.083333333333,3.76805555555556,0
13570,226.166666666667,3.76944444444444,0
13575,226.25,3.77083333333333,0
13580,226.333333333333,3.77222222222222,0
13585,226.416666666667,3.77361111111111,0
13590,226.5,3.775,0
13595,226.583333333333,3.77638888888889,0
13600,226.666666666667,3.77777777777778,0
13605,226.75,3.77916666666667,0
13610,226.833333333333,3.78055555555556,0
13615,226.916666666667,3.78194444444444,0
13620,227,3.78333333333333,0
13625,227.083333333333,3.78472222222222,0
13630,227.166666666667,3.78611111111111,0
13635,227.25,3.7875,0
13640,227.333333333333,3.78888888888889,0
13645,227.416666666667,3.79027777777778,0
13650,227.5,3.79166666666667,0
13655,227.583333333333,3.79305555555556,0
13660,227.666666666667,3.79444444444444,0
13665,227.75,3.79583333333333,0
13670,227.833333333333,3.79722222222222,0
13675,227.916666666667,3.79861111111111,0
13680,228,3.8,0
13685,228.083333333333,3.80138888888889,0
13690,228.166666666667,3.80277777777778,0
13695,228.25,3.80416666666667,0
13700,228.333333333333,3.80555555555556,0
13705,228.416666666667,3.80694444444444,0
13710,228.5,3.80833333333333,0
13715,228.583333333333,3.80972222222222,0
13720,228.666666666667,3.81111111111111,0
13725,228.75,3.8125,0
13730,228.833333333333,3.81388888888889,0
13735,228.916666666667,3.81527777777778,0
13740,229,3.81666666666667,0
13745,229.083333333333,3.81805555555556,0
13750,229.166666666667,3.81944444444444,0
13755,229.25,3.82083333333333,0
13760,229.333333333333,3.82222222222222,0
13765,229.416666666667,3.82361111111111,0
13770,229.5,3.825,0
13775,229.583333333333,3.82638888888889,0
13780,229.666666666667,3.82777777777778,0
13785,229.75,3.82916666666667,0
13790,229.833333333333,3.83055555555556,0
13795,229.916666666667,3.83194444444444,0
13800,230,3.83333333333333,0
13805,230.083333333333,3.83472222222222,0
13810,230.166666666667,3.83611111111111,0
13815,230.25,3.8375,0
13820,230.333333333333,3.83888888888889,0
13825,230.416666666667,3.84027777777778,0
13830,230.5,3.84166666666667,0
13835,230.583333333333,3.84305555555556,0
13840,230.666666666667,3.84444444444444,0
13845,230.75,3.84583333333333,0
13850,230.833333333333,3.84722222222222,0
13855,230.916666666667,3.84861111111111,0
13860,231,3.85,0
13865,231.083333333333,3.85138888888889,0
13870,231.166666666667,3.85277777777778,0
13875,231.25,3.85416666666667,0
13880,231.333333333333,3.85555555555556,0
13885,231.416666666667,3.85694444444444,0
13890,231.5,3.85833333333333,0
13895,231.583333333333,3.85972222222222,0
13900,231.666666666667,3.86111111111111,0
13905,231.75,3.8625,0
13910,231.833333333333,3.86388888888889,0
13915,231.916666666667,3.86527777777778,0
13920,232,3.86666666666667,0
13925,232.083333333333,3.86805555555556,0
13930,232.166666666667,3.86944444444444,0
13935,232.25,3.87083333333333,0
13940,232.333333333333,3.87222222222222,0
13945,232.416666666667,3.87361111111111,0
13950,232.5,3.875,0
13955,232.583333333333,3.87638888888889,0
13960,232.666666666667,3.87777777777778,0
13965,232.75,3.87916666666667,0
13970,232.833333333333,3.88055555555556,0
13975,232.916666666667,3.88194444444444,0
13980,233,3.88333333333333,0
13985,233.083333333333,3.88472222222222,0
13990,233.166666666667,3.88611111111111,0
13995,233.25,3.8875,0
14000,233.333333333333,3.88888888888889,0
14005,233.416666666667,3.89027777777778,0
14010,233.5,3.89166666666667,0
14015,233.583333333333,3.89305555555556,0
14020,233.666666666667,3.89444444444444,0
14025,233.75,3.89583333333333,0
14030,233.833333333333,3.89722222222222,0
14035,233.916666666667,3.89861111111111,0
14040,234,3.9,0
14045,234.083333333333,3.90138888888889,0
14050,234.166666666667,3.90277777777778,0
14055,234.25,3.90416666666667,0
14060,234.333333333333,3.90555555555556,0
14065,234.416666666667,3.90694444444444,0
14070,234.5,3.90833333333333,0
14075,234.583333333333,3.90972222222222,0
14080,234.666666666667,3.91111111111111,0
14085,234.75,3.9125,0
14090,234.833333333333,3.91388888888889,0
14095,234.916666666667,3.91527777777778,0
14100,235,3.91666666666667,0
14105,235.083333333333,3.91805555555556,0
14110,235.166666666667,3.91944444444444,0
14115,235.25,3.92083333333333,0
14120,235.333333333333,3.92222222222222,0
14125,235.416666666667,3.92361111111111,0
14130,235.5,3.925,0
14135,235.583333333333,3.92638888888889,0
14140,235.666666666667,3.92777777777778,0
14145,235.75,3.92916666666667,0
14150,235.833333333333,3.93055555555556,0
14155,235.916666666667,3.93194444444444,0
14160,236,3.93333333333333,0
14165,236.083333333333,3.93472222222222,0
14170,236.166666666667,3.93611111111111,0
14175,236.25,3.9375,0
14180,236.333333333333,3.93888888888889,0
14185,236.416666666667,3.94027777777778,0
14190,236.5,3.94166666666667,0
14195,236.583333333333,3.94305555555556,0
14200,236.666666666667,3.94444444444444,0
14205,236.75,3.94583333333333,0
14210,236.833333333333,3.94722222222222,0
14215,236.916666666667,3.94861111111111,0
14220,237,3.95,0
14225,237.083333333333,3.95138888888889,0
14230,237.166666666667,3.95277777777778,0
14235,237.25,3.95416666666667,0
14240,237.333333333333,3.95555555555556,0
14245,237.416666666667,3.95694444444444,0
14250,237.5,3.95833333333333,0
14255,237.583333333333,3.95972222222222,0
14260,237.666666666667,3.96111111111111,0
14265,237.75,3.9625,0
14270,237.833333333333,3.96388888888889,0
14275,237.916666666667,3.96527777777778,0
14280,238,3.96666666666667,0
14285,238.083333333333,3.96805555555556,0
14290,238.166666666667,3.96944444444444,0
14295,238.25,3.97083333333333,0
14300,238.333333333333,3.97222222222222,0
14305,238.416666666667,3.97361111111111,0
14310,238.5,3.975,0
14315,238.583333333333,3.97638888888889,0
14320,238.666666666667,3.97777777777778,0
14325,238.75,3.97916666666667,0
14330,238.833333333333,3.98055555555556,0
14335,238.916666666667,3.98194444444444,0
14340,239,3.98333333333333,0
14345,239.083333333333,3.98472222222222,0
14350,239.166666666667,3.98611111111111,0
14355,239.25,3.9875,0
14360,239.333333333333,3.98888888888889,0
14365,239.416666666667,3.99027777777778,0
14370,239.5,3.99166666666667,0
14375,239.583333333333,3.99305555555556,0
14380,239.666666666667,3.99444444444444,0
14385,239.75,3.99583333333333,0
14390,239.833333333333,3.99722222222222,0
14395,239.916666666667,3.99861111111111,0
14400,240,4,0
14405,240.083333333333,4.00138888888889,0
14410,240.166666666667,4.00277777777778,0
14415,240.25,4.00416666666667,0
14420,240.333333333333,4.00555555555556,0
14425,240.416666666667,4.00694444444444,0
14430,240.5,4.00833333333333,0
14435,240.583333333333,4.00972222222222,0
14440,240.666666666667,4.01111111111111,0
14445,240.75,4.0125,0
14450,240.833333333333,4.01388888888889,0
14455,240.916666666667,4.01527777777778,0
14460,241,4.01666666666667,0
14465,241.083333333333,4.01805555555556,0
14470,241.166666666667,4.01944444444444,0
14475,241.25,4.02083333333333,0
14480,241.333333333333,4.02222222222222,0
14485,241.416666666667,4.02361111111111,0
14490,241.5,4.025,0
14495,241.583333333333,4.02638888888889,0
14500,241.666666666667,4.02777777777778,0
14505,241.75,4.02916666666667,0
14510,241.833333333333,4.03055555555556,0
14515,241.916666666667,4.03194444444444,0
14520,242,4.03333333333333,0
14525,242.083333333333,4.03472222222222,0
14530,242.166666666667,4.03611111111111,0
14535,242.25,4.0375,0
14540,242.333333333333,4.03888888888889,0
14545,242.416666666667,4.04027777777778,0
14550,242.5,4.04166666666667,0
14555,242.583333333333,4.04305555555556,0
14560,242.666666666667,4.04444444444444,0
14565,242.75,4.04583333333333,0
14570,242.833333333333,4.04722222222222,0
14575,242.916666666667,4.04861111111111,0
14580,243,4.05,0
14585,243.083333333333,4.05138888888889,0
14590,243.166666666667,4.05277777777778,0
14595,243.25,4.05416666666667,0
14600,243.333333333333,4.05555555555556,0
14605,243.416666666667,4.05694444444444,0
14610,243.5,4.05833333333333,0
14615,243.583333333333,4.05972222222222,0
14620,243.666666666667,4.06111111111111,0
14625,243.75,4.0625,0
14630,243.833333333333,4.06388888888889,0
14635,243.916666666667,4.06527777777778,0
14640,244,4.06666666666667,0
14645,244.083333333333,4.06805555555556,0
14650,244.166666666667,4.06944444444444,0
14655,244.25,4.07083333333333,0
14660,244.333333333333,4.07222222222222,0
14665,244.416666666667,4.07361111111111,0
14670,244.5,4.075,0
14675,244.583333333333,4.07638888888889,0
14680,244.666666666667,4.07777777777778,0
14685,244.75,4.07916666666667,0
14690,244.833333333333,4.08055555555556,0
14695,244.916666666667,4.08194444444444,0
14700,245,4.08333333333333,0
14705,245.083333333333,4.08472222222222,0
14710,245.166666666667,4.08611111111111,0
14715,245.25,4.0875,0
14720,245.333333333333,4.08888888888889,0
14725,245.416666666667,4.09027777777778,0
14730,245.5,4.09166666666667,0
14735,245.583333333333,4.09305555555556,0
14740,245.666666666667,4.09444444444444,0
14745,245.75,4.09583333333333,0
14750,245.833333333333,4.09722222222222,0
14755,245.916666666667,4.09861111111111,0
14760,246,4.1,0
14765,246.083333333333,4.10138888888889,0
14770,246.166666666667,4.10277777777778,0
14775,246.25,4.10416666666667,0
14780,246.333333333333,4.10555555555556,0
14785,246.416666666667,4.10694444444444,0
14790,246.5,4.10833333333333,0
14795,246.583333333333,4.10972222222222,0
14800,246.666666666667,4.11111111111111,0
14805,246.75,4.1125,0
14810,246.833333333333,4.11388888888889,0
14815,246.916666666667,4.11527777777778,0
14820,247,4.11666666666667,0
14825,247.083333333333,4.11805555555556,0
14830,247.166666666667,4.11944444444444,0
14835,247.25,4.12083333333333,0
14840,247.333333333333,4.12222222222222,0
14845,247.416666666667,4.12361111111111,0
14850,247.5,4.125,0
14855,247.583333333333,4.12638888888889,0
14860,247.666666666667,4.12777777777778,0
14865,247.75,4.12916666666667,0
14870,247.833333333333,4.13055555555556,0
14875,247.916666666667,4.13194444444444,0
14880,248,4.13333333333333,0
14885,248.083333333333,4.13472222222222,0
14890,248.166666666667,4.13611111111111,0
14895,248.25,4.1375,0
14900,248.333333333333,4.13888888888889,0
14905,248.416666666667,4.14027777777778,0
14910,248.5,4.14166666666667,0
14915,248.583333333333,4.14305555555556,0
14920,248.666666666667,4.14444444444444,0
14925,248.75,4.14583333333333,0
14930,248.833333333333,4.14722222222222,0
14935,248.916666666667,4.14861111111111,0
14940,249,4.15,0
14945,249.083333333333,4.15138888888889,0
14950,249.166666666667,4.15277777777778,0
14955,249.25,4.15416666666667,0
14960,249.333333333333,4.15555555555556,0
14965,249.416666666667,4.15694444444444,0
14970,249.5,4.15833333333333,0
14975,249.583333333333,4.15972222222222,0
14980,249.666666666667,4.16111111111111,0
14985,249.75,4.1625,0
14990,249.833333333333,4.16388888888889,0
14995,249.916666666667,4.16527777777778,0
15000,250,4.16666666666667,0
15005,250.083333333333,4.16805555555556,0
15010,250.166666666667,4.16944444444444,0
15015,250.25,4.17083333333333,0
15020,250.333333333333,4.17222222222222,0
15025,250.416666666667,4.17361111111111,0
15030,250.5,4.175,0
15035,250.583333333333,4.17638888888889,0
15040,250.666666666667,4.17777777777778,0
15045,250.75,4.17916666666667,0
15050,250.833333333333,4.18055555555556,0
15055,250.916666666667,4.18194444444444,0
15060,251,4.18333333333333,0
15065,251.083333333333,4.18472222222222,0
15070,251.166666666667,4.18611111111111,0
15075,251.25,4.1875,0
15080,251.333333333333,4.18888888888889,0
15085,251.416666666667,4.19027777777778,0
15090,251.5,4.19166666666667,0
15095,251.583333333333,4.19305555555556,0
15100,251.666666666667,4.19444444444444,0
15105,251.75,4.19583333333333,0
15110,251.833333333333,4.19722222222222,0
15115,251.916666666667,4.19861111111111,0
15120,252,4.2,0
15125,252.083333333333,4.20138888888889,0
15130,252.166666666667,4.20277777777778,0
15135,252.25,4.20416666666667,0
15140,252.333333333333,4.20555555555556,0
15145,252.416666666667,4.20694444444444,0
15150,252.5,4.20833333333333,0
15155,252.583333333333,4.20972222222222,0
15160,252.666666666667,4.21111111111111,0
15165,252.75,4.2125,0
15170,252.833333333333,4.21388888888889,0
15175,252.916666666667,4.21527777777778,0
15180,253,4.21666666666667,0
15185,253.083333333333,4.21805555555556,0
15190,253.166666666667,4.21944444444444,0
15195,253.25,4.22083333333333,0
15200,253.333333333333,4.22222222222222,0
15205,253.416666666667,4.22361111111111,0
15210,253.5,4.225,0
15215,253.583333333333,4.22638888888889,0
15220,253.666666666667,4.22777777777778,0
15225,253.75,4.22916666666667,0
15230,253.833333333333,4.23055555555556,0
15235,253.916666666667,4.23194444444444,0
15240,254,4.23333333333333,0
15245,254.083333333333,4.23472222222222,0
15250,254.166666666667,4.23611111111111,0
15255,254.25,4.2375,0
15260,254.333333333333,4.23888888888889,0
15265,254.416666666667,4.24027777777778,0
15270,254.5,4.24166666666667,0
15275,254.583333333333,4.24305555555556,0
15280,254.666666666667,4.24444444444444,0
15285,254.75,4.24583333333333,0
15290,254.833333333333,4.24722222222222,0
15295,254.916666666667,4.24861111111111,0
15300,255,4.25,0
15305,255.083333333333,4.25138888888889,0
15310,255.166666666667,4.25277777777778,0
15315,255.25,4.25416666666667,0
15320,255.333333333333,4.25555555555556,0
15325,255.416666666667,4.25694444444444,0
15330,255.5,4.25833333333333,0
15335,255.583333333333,4.25972222222222,0
15340,255.666666666667,4.26111111111111,0
15345,255.75,4.2625,0
15350,255.833333333333,4.26388888888889,0
15355,255.916666666667,4.26527777777778,0
15360,256,4.26666666666667,0
15365,256.083333333333,4.26805555555556,0
15370,256.166666666667,4.26944444444444,0
15375,256.25,4.27083333333333,0
15380,256.333333333333,4.27222222222222,0
15385,256.416666666667,4.27361111111111,0
15390,256.5,4.275,0
15395,256.583333333333,4.27638888888889,0
15400,256.666666666667,4.27777777777778,0
15405,256.75,4.27916666666667,0
15410,256.833333333333,4.28055555555556,0
15415,256.916666666667,4.28194444444444,0
15420,257,4.28333333333333,0
15425,257.083333333333,4.28472222222222,0
15430,257.166666666667,4.28611111111111,0
15435,257.25,4.2875,0
15440,257.333333333333,4.28888888888889,0
15445,257.416666666667,4.29027777777778,0
15450,257.5,4.29166666666667,0
15455,257.583333333333,4.29305555555556,0
15460,257.666666666667,4.29444444444444,0
15465,257.75,4.29583333333333,0
15470,257.833333333333,4.29722222222222,0
15475,257.916666666667,4.29861111111111,0
15480,258,4.3,0
15485,258.083333333333,4.30138888888889,0
15490,258.166666666667,4.30277777777778,0
15495,258.25,4.30416666666667,0
15500,258.333333333333,4.30555555555556,0
15505,258.416666666667,4.30694444444444,0
15510,258.5,4.30833333333333,0
15515,258.583333333333,4.30972222222222,0
15520,258.666666666667,4.31111111111111,0
15525,258.75,4.3125,0
15530,258.833333333333,4.31388888888889,0
15535,258.916666666667,4.31527777777778,0
15540,259,4.31666666666667,0
15545,259.083333333333,4.31805555555556,0
15550,259.166666666667,4.31944444444444,0
15555,259.25,4.32083333333333,0
15560,259.333333333333,4.32222222222222,0
15565,259.416666666667,4.32361111111111,0
15570,259.5,4.325,0
15575,259.583333333333,4.32638888888889,0
15580,259.666666666667,4.32777777777778,0
15585,259.75,4.32916666666667,0
15590,259.833333333333,4.33055555555556,0
15595,259.916666666667,4.33194444444444,0
15600,260,4.33333333333333,0
15605,260.083333333333,4.33472222222222,0
15610,260.166666666667,4.33611111111111,0
15615,260.25,4.3375,0
15620,260.333333333333,4.33888888888889,0
15625,260.416666666667,4.34027777777778,0
15630,260.5,4.34166666666667,0
15635,260.583333333333,4.34305555555556,0
15640,260.666666666667,4.34444444444444,0
15645,260.75,4.34583333333333,0
15650,260.833333333333,4.34722222222222,0
15655,260.916666666667,4.34861111111111,0
15660,261,4.35,0
15665,261.083333333333,4.35138888888889,0
15670,261.166666666667,4.35277777777778,0
15675,261.25,4.35416666666667,0
15680,261.333333333333,4.35555555555556,0
15685,261.416666666667,4.35694444444444,0
15690,261.5,4.35833333333333,0
15695,261.583333333333,4.35972222222222,0
15700,261.666666666667,4.36111111111111,0
15705,261.75,4.3625,0
15710,261.833333333333,4.36388888888889,0
15715,261.916666666667,4.36527777777778,0
15720,262,4.36666666666667,0
15725,262.083333333333,4.36805555555556,0
15730,262.166666666667,4.36944444444444,0
15735,262.25,4.37083333333333,0
15740,262.333333333333,4.37222222222222,0
15745,262.416666666667,4.37361111111111,0
15750,262.5,4.375,0
15755,262.583333333333,4.37638888888889,0
15760,262.666666666667,4.37777777777778,0
15765,262.75,4.37916666666667,0
15770,262.833333333333,4.38055555555556,0
15775,262.916666666667,4.38194444444444,0
15780,263,4.38333333333333,0
15785,263.083333333333,4.38472222222222,0
15790,263.166666666667,4.38611111111111,0
15795,263.25,4.3875,0
15800,263.333333333333,4.38888888888889,0
15805,263.416666666667,4.39027777777778,0
15810,263.5,4.39166666666667,0
15815,263.583333333333,4.39305555555556,0
15820,263.666666666667,4.39444444444444,0
15825,263.75,4.39583333333333,0
15830,263.833333333333,4.39722222222222,0
15835,263.916666666667,4.39861111111111,0
15840,264,4.4,0
15845,264.083333333333,4.40138888888889,0
15850,264.166666666667,4.40277777777778,0
15855,264.25,4.40416666666667,0
15860,264.333333333333,4.40555555555556,0
15865,264.416666666667,4.40694444444444,0
15870,264.5,4.40833333333333,0
15875,264.583333333333,4.40972222222222,0
15880,264.666666666667,4.41111111111111,0
15885,264.75,4.4125,0
15890,264.833333333333,4.41388888888889,0
15895,264.916666666667,4.41527777777778,0
15900,265,4.41666666666667,0
15905,265.083333333333,4.41805555555556,0
15910,265.166666666667,4.41944444444444,0
15915,265.25,4.42083333333333,0
15920,265.333333333333,4.42222222222222,0
15925,265.416666666667,4.42361111111111,0
15930,265.5,4.425,0
15935,265.583333333333,4.42638888888889,0
15940,265.666666666667,4.42777777777778,0
15945,265.75,4.42916666666667,0
15950,265.833333333333,4.43055555555556,0
15955,265.916666666667,4.43194444444444,0
15960,266,4.43333333333333,0
15965,266.083333333333,4.43472222222222,0
15970,266.166666666667,4.43611111111111,0
15975,266.25,4.4375,0
15980,266.333333333333,4.43888888888889,0
15985,266.416666666667,4.44027777777778,0
15990,266.5,4.44166666666667,0
15995,266.583333333333,4.44305555555556,0
16000,266.666666666667,4.44444444444444,0
16005,266.75,4.44583333333333,0
16010,266.833333333333,4.44722222222222,0
16015,266.916666666667,4.44861111111111,0
16020,267,4.45,0
16025,267.083333333333,4.45138888888889,0
16030,267.166666666667,4.45277777777778,0
16035,267.25,4.45416666666667,0
16040,267.333333333333,4.45555555555556,0
16045,267.416666666667,4.45694444444444,0
16050,267.5,4.45833333333333,0
16055,267.583333333333,4.45972222222222,0
16060,267.666666666667,4.46111111111111,0
16065,267.75,4.4625,0
16070,267.833333333333,4.46388888888889,0
16075,267.916666666667,4.46527777777778,0
16080,268,4.46666666666667,0
16085,268.083333333333,4.46805555555556,0
16090,268.166666666667,4.46944444444444,0
16095,268.25,4.47083333333333,0
16100,268.333333333333,4.47222222222222,0
16105,268.416666666667,4.47361111111111,0
16110,268.5,4.475,0
16115,268.583333333333,4.47638888888889,0
16120,268.666666666667,4.47777777777778,0
16125,268.75,4.47916666666667,0
16130,268.833333333333,4.48055555555556,0
16135,268.916666666667,4.48194444444444,0
16140,269,4.48333333333333,0
16145,269.083333333333,4.48472222222222,0
16150,269.166666666667,4.48611111111111,0
16155,269.25,4.4875,0
16160,269.333333333333,4.48888888888889,0
16165,269.416666666667,4.49027777777778,0
16170,269.5,4.49166666666667,0
16175,269.583333333333,4.49305555555556,0
16180,269.666666666667,4.49444444444444,0
16185,269.75,4.49583333333333,0
16190,269.833333333333,4.49722222222222,0
16195,269.916666666667,4.49861111111111,0
16200,270,4.5,0
16205,270.083333333333,4.50138888888889,0
16210,270.166666666667,4.50277777777778,0
16215,270.25,4.50416666666667,0
16220,270.333333333333,4.50555555555556,0
16225,270.416666666667,4.50694444444444,0
16230,270.5,4.50833333333333,0
16235,270.583333333333,4.50972222222222,0
16240,270.666666666667,4.51111111111111,0
16245,270.75,4.5125,0
16250,270.833333333333,4.51388888888889,0
16255,270.916666666667,4.51527777777778,0
16260,271,4.51666666666667,0
16265,271.083333333333,4.51805555555556,0
16270,271.166666666667,4.51944444444444,0
16275,271.25,4.52083333333333,0
16280,271.333333333333,4.52222222222222,0
16285,271.416666666667,4.52361111111111,0
16290,271.5,4.525,0
16295,271.583333333333,4.52638888888889,0
16300,271.666666666667,4.52777777777778,0
16305,271.75,4.52916666666667,0
16310,271.833333333333,4.53055555555556,0
16315,271.916666666667,4.53194444444444,0
16320,272,4.53333333333333,0
16325,272.083333333333,4.53472222222222,0
16330,272.166666666667,4.53611111111111,0
16335,272.25,4.5375,0
16340,272.333333333333,4.53888888888889,0
16345,272.416666666667,4.54027777777778,0
16350,272.5,4.54166666666667,0
16355,272.583333333333,4.54305555555556,0
16360,272.666666666667,4.54444444444444,0
16365,272.75,4.54583333333333,0
16370,272.833333333333,4.54722222222222,0
16375,272.916666666667,4.54861111111111,0
16380,273,4.55,0
16385,273.083333333333,4.55138888888889,0
16390,273.166666666667,4.55277777777778,0
16395,273.25,4.55416666666667,0
16400,273.333333333333,4.55555555555556,0
16405,273.416666666667,4.55694444444444,0
16410,273.5,4.55833333333333,0
16415,273.583333333333,4.55972222222222,0
16420,273.666666666667,4.56111111111111,0
16425,273.75,4.5625,0
16430,273.833333333333,4.56388888888889,0
16435,273.916666666667,4.56527777777778,0
16440,274,4.56666666666667,0
16445,274.083333333333,4.56805555555556,0
16450,274.166666666667,4.56944444444444,0
16455,274.25,4.57083333333333,0
16460,274.333333333333,4.57222222222222,0
16465,274.416666666667,4.57361111111111,0
16470,274.5,4.575,0
16475,274.583333333333,4.57638888888889,0
16480,274.666666666667,4.57777777777778,0
16485,274.75,4.57916666666667,0
16490,274.833333333333,4.58055555555556,0
16495,274.916666666667,4.58194444444444,0
16500,275,4.58333333333333,0
16505,275.083333333333,4.58472222222222,0
16510,275.166666666667,4.58611111111111,0
16515,275.25,4.5875,0
16520,275.333333333333,4.58888888888889,0
16525,275.416666666667,4.59027777777778,0
16530,275.5,4.59166666666667,0
16535,275.583333333333,4.59305555555556,0
16540,275.666666666667,4.59444444444444,0
16545,275.75,4.59583333333333,0
16550,275.833333333333,4.59722222222222,0
16555,275.916666666667,4.59861111111111,0
16560,276,4.6,0
16565,276.083333333333,4.60138888888889,0
16570,276.166666666667,4.60277777777778,0
16575,276.25,4.60416666666667,0
16580,276.333333333333,4.60555555555556,0
16585,276.416666666667,4.60694444444444,0
16590,276.5,4.60833333333333,0
16595,276.583333333333,4.60972222222222,0
16600,276.666666666667,4.61111111111111,0
16605,276.75,4.6125,0
16610,276.833333333333,4.61388888888889,0
16615,276.916666666667,4.61527777777778,0
16620,277,4.61666666666667,0
16625,277.083333333333,4.61805555555556,0
16630,277.166666666667,4.61944444444444,0
16635,277.25,4.62083333333333,0
16640,277.333333333333,4.62222222222222,0
16645,277.416666666667,4.62361111111111,0
16650,277.5,4.625,0
16655,277.583333333333,4.62638888888889,0
16660,277.666666666667,4.62777777777778,0
16665,277.75,4.62916666666667,0
16670,277.833333333333,4.63055555555556,0
16675,277.916666666667,4.63194444444444,0
16680,278,4.63333333333333,0
16685,278.083333333333,4.63472222222222,0
16690,278.166666666667,4.63611111111111,0
16695,278.25,4.6375,0
16700,278.333333333333,4.63888888888889,0
16705,278.416666666667,4.64027777777778,0
16710,278.5,4.64166666666667,0
16715,278.583333333333,4.64305555555556,0
16720,278.666666666667,4.64444444444444,0
16725,278.75,4.64583333333333,0
16730,278.833333333333,4.64722222222222,0
16735,278.916666666667,4.64861111111111,0
16740,279,4.65,0
16745,279.083333333333,4.65138888888889,0
16750,279.166666666667,4.65277777777778,0
16755,279.25,4.65416666666667,0
16760,279.333333333333,4.65555555555556,0
16765,279.416666666667,4.65694444444444,0
16770,279.5,4.65833333333333,0
16775,279.583333333333,4.65972222222222,0
16780,279.666666666667,4.66111111111111,0
16785,279.75,4.6625,0
16790,279.833333333333,4.66388888888889,0
16795,279.916666666667,4.66527777777778,0
16800,280,4.66666666666667,0
16805,280.083333333333,4.66805555555556,0
16810,280.166666666667,4.66944444444444,0
16815,280.25,4.67083333333333,0
16820,280.333333333333,4.67222222222222,0
16825,280.416666666667,4.67361111111111,0
16830,280.5,4.675,0
16835,280.583333333333,4.67638888888889,0
16840,280.666666666667,4.67777777777778,0
16845,280.75,4.67916666666667,0
16850,280.833333333333,4.68055555555556,0
16855,280.916666666667,4.68194444444444,0
16860,281,4.68333333333333,0
16865,281.083333333333,4.68472222222222,0
16870,281.166666666667,4.68611111111111,0
16875,281.25,4.6875,0
16880,281.333333333333,4.68888888888889,0
16885,281.416666666667,4.69027777777778,0
16890,281.5,4.69166666666667,0
16895,281.583333333333,4.69305555555556,0
16900,281.666666666667,4.69444444444444,0
16905,281.75,4.69583333333333,0
16910,281.833333333333,4.69722222222222,0
16915,281.916666666667,4.69861111111111,0
16920,282,4.7,0
16925,282.083333333333,4.70138888888889,0
16930,282.166666666667,4.70277777777778,0
16935,282.25,4.70416666666667,0
16940,282.333333333333,4.70555555555556,0
16945,282.416666666667,4.70694444444444,0
16950,282.5,4.70833333333333,0
16955,282.583333333333,4.70972222222222,0
16960,282.666666666667,4.71111111111111,0
16965,282.75,4.7125,0
16970,282.833333333333,4.71388888888889,0
16975,282.916666666667,4.71527777777778,0
16980,283,4.71666666666667,0
16985,283.083333333333,4.71805555555556,0
16990,283.166666666667,4.71944444444444,0
16995,283.25,4.72083333333333,0
17000,283.333333333333,4.72222222222222,0
17005,283.416666666667,4.72361111111111,0
17010,283.5,4.725,0
17015,283.583333333333,4.72638888888889,0
17020,283.666666666667,4.72777777777778,0
17025,283.75,4.72916666666667,0
17030,283.833333333333,4.73055555555556,0
17035,283.916666666667,4.73194444444444,0
17040,284,4.73333333333333,0
17045,284.083333333333,4.73472222222222,0
17050,284.166666666667,4.73611111111111,0
17055,284.25,4.7375,0
17060,284.333333333333,4.73888888888889,0
17065,284.416666666667,4.74027777777778,0
17070,284.5,4.74166666666667,0
17075,284.583333333333,4.74305555555556,0
17080,284.666666666667,4.74444444444444,0
17085,284.75,4.74583333333333,0
17090,284.833333333333,4.74722222222222,0
17095,284.916666666667,4.74861111111111,0
17100,285,4.75,0
17105,285.083333333333,4.75138888888889,0
17110,285.166666666667,4.75277777777778,0
17115,285.25,4.75416666666667,0
17120,285.333333333333,4.75555555555556,0
17125,285.416666666667,4.75694444444444,0
17130,285.5,4.75833333333333,0
17135,285.583333333333,4.75972222222222,0
17140,285.666666666667,4.76111111111111,0
17145,285.75,4.7625,0
17150,285.833333333333,4.76388888888889,0
17155,285.916666666667,4.76527777777778,0
17160,286,4.76666666666667,0
17165,286.083333333333,4.76805555555556,0
17170,286.166666666667,4.76944444444444,0
17175,286.25,4.77083333333333,0
17180,286.333333333333,4.77222222222222,0
17185,286.416666666667,4.77361111111111,0
17190,286.5,4.775,0
17195,286.583333333333,4.77638888888889,0
17200,286.666666666667,4.77777777777778,0
17205,286.75,4.77916666666667,0
17210,286.833333333333,4.78055555555556,0
17215,286.916666666667,4.78194444444444,0
17220,287,4.78333333333333,0
17225,287.083333333333,4.78472222222222,0
17230,287.166666666667,4.78611111111111,0
17235,287.25,4.7875,0
17240,287.333333333333,4.78888888888889,0
17245,287.416666666667,4.79027777777778,0
17250,287.5,4.79166666666667,0
17255,287.583333333333,4.79305555555556,0
17260,287.666666666667,4.79444444444444,0
17265,287.75,4.79583333333333,0
17270,287.833333333333,4.79722222222222,0
17275,287.916666666667,4.79861111111111,0
17280,288,4.8,0
17285,288.083333333333,4.80138888888889,0
17290,288.166666666667,4.80277777777778,0
17295,288.25,4.80416666666667,0
17300,288.333333333333,4.80555555555556,0
17305,288.416666666667,4.80694444444444,0
17310,288.5,4.80833333333333,0
17315,288.583333333333,4.80972222222222,0
17320,288.666666666667,4.81111111111111,0
17325,288.75,4.8125,0
17330,288.833333333333,4.81388888888889,0
17335,288.916666666667,4.81527777777778,0
17340,289,4.81666666666667,0
17345,289.083333333333,4.81805555555556,0
17350,289.166666666667,4.81944444444444,0
17355,289.25,4.82083333333333,0
17360,289.333333333333,4.82222222222222,0
17365,289.416666666667,4.82361111111111,0
17370,289.5,4.825,0
17375,289.583333333333,4.82638888888889,0
17380,289.666666666667,4.82777777777778,0
17385,289.75,4.82916666666667,0
17390,289.833333333333,4.83055555555556,0
17395,289.916666666667,4.83194444444444,0
17400,290,4.83333333333333,0
17405,290.083333333333,4.83472222222222,0
17410,290.166666666667,4.83611111111111,0
17415,290.25,4.8375,0
17420,290.333333333333,4.83888888888889,0
17425,290.416666666667,4.84027777777778,0
17430,290.5,4.84166666666667,0
17435,290.583333333333,4.84305555555556,0
17440,290.666666666667,4.84444444444444,0
17445,290.75,4.84583333333333,0
17450,290.833333333333,4.84722222222222,0
17455,290.916666666667,4.84861111111111,0
17460,291,4.85,0
17465,291.083333333333,4.85138888888889,0
17470,291.166666666667,4.85277777777778,0
17475,291.25,4.85416666666667,0
17480,291.333333333333,4.85555555555556,0
17485,291.416666666667,4.85694444444444,0
17490,291.5,4.85833333333333,0
17495,291.583333333333,4.85972222222222,0
17500,291.666666666667,4.86111111111111,0
17505,291.75,4.8625,0
17510,291.833333333333,4.86388888888889,0
17515,291.916666666667,4.86527777777778,0
17520,292,4.86666666666667,0
17525,292.083333333333,4.86805555555556,0
17530,292.166666666667,4.86944444444444,0
17535,292.25,4.87083333333333,0
17540,292.333333333333,4.87222222222222,0
17545,292.416666666667,4.87361111111111,0
17550,292.5,4.875,0
17555,292.583333333333,4.87638888888889,0
17560,292.666666666667,4.87777777777778,0
17565,292.75,4.87916666666667,0
17570,292.833333333333,4.88055555555556,0
17575,292.916666666667,4.88194444444444,0
17580,293,4.88333333333333,0
17585,293.083333333333,4.88472222222222,0
17590,293.166666666667,4.88611111111111,0
17595,293.25,4.8875,0
17600,293.333333333333,4.88888888888889,0
17605,293.416666666667,4.89027777777778,0
17610,293.5,4.89166666666667,0
17615,293.583333333333,4.89305555555556,0
17620,293.666666666667,4.89444444444444,0
17625,293.75,4.89583333333333,0
17630,293.833333333333,4.89722222222222,0
17635,293.916666666667,4.89861111111111,0
17640,294,4.9,0
17645,294.083333333333,4.90138888888889,0
17650,294.166666666667,4.90277777777778,0
17655,294.25,4.90416666666667,0
17660,294.333333333333,4.90555555555556,0
17665,294.416666666667,4.90694444444444,0
17670,294.5,4.90833333333333,0
17675,294.583333333333,4.90972222222222,0
17680,294.666666666667,4.91111111111111,0
17685,294.75,4.9125,0
17690,294.833333333333,4.91388888888889,0
17695,294.916666666667,4.91527777777778,0
17700,295,4.91666666666667,0
17705,295.083333333333,4.91805555555556,0
17710,295.166666666667,4.91944444444444,0
17715,295.25,4.92083333333333,0
17720,295.333333333333,4.92222222222222,0
17725,295.416666666667,4.92361111111111,0
17730,295.5,4.925,0
17735,295.583333333333,4.92638888888889,0
17740,295.666666666667,4.92777777777778,0
17745,295.75,4.92916666666667,0
17750,295.833333333333,4.93055555555556,0
17755,295.916666666667,4.93194444444444,0
17760,296,4.93333333333333,0
17765,296.083333333333,4.93472222222222,0
17770,296.166666666667,4.93611111111111,0
17775,296.25,4.9375,0
17780,296.333333333333,4.93888888888889,0
17785,296.416666666667,4.94027777777778,0
17790,296.5,4.94166666666667,0
17795,296.583333333333,4.94305555555556,0
17800,296.666666666667,4.94444444444444,0
17805,296.75,4.94583333333333,0
17810,296.833333333333,4.94722222222222,0
17815,296.916666666667,4.94861111111111,0
17820,297,4.95,0
17825,297.083333333333,4.95138888888889,0
17830,297.166666666667,4.95277777777778,0
17835,297.25,4.95416666666667,0
17840,297.333333333333,4.95555555555556,0
17845,297.416666666667,4.95694444444444,0
17850,297.5,4.95833333333333,0
17855,297.583333333333,4.95972222222222,0
17860,297.666666666667,4.96111111111111,0
17865,297.75,4.9625,0
17870,297.833333333333,4.96388888888889,0
17875,297.916666666667,4.96527777777778,0
17880,298,4.96666666666667,0
17885,298.083333333333,4.96805555555556,0
17890,298.166666666667,4.96944444444444,0
17895,298.25,4.97083333333333,0
17900,298.333333333333,4.97222222222222,0
17905,298.416666666667,4.97361111111111,0
17910,298.5,4.975,0
17915,298.583333333333,4.97638888888889,0
17920,298.666666666667,4.97777777777778,0
17925,298.75,4.97916666666667,0
17930,298.833333333333,4.98055555555556,0
17935,298.916666666667,4.98194444444444,0
17940,299,4.98333333333333,0
17945,299.083333333333,4.98472222222222,0
17950,299.166666666667,4.98611111111111,0
17955,299.25,4.9875,0
17960,299.333333333333,4.98888888888889,0
17965,299.416666666667,4.99027777777778,0
17970,299.5,4.99166666666667,0
17975,299.583333333333,4.99305555555556,0
17980,299.666666666667,4.99444444444444,0
17985,299.75,4.99583333333333,0
17990,299.833333333333,4.99722222222222,0
17995,299.916666666667,4.99861111111111,0
18000,300,5,0
18005,300.083333333333,5.00138888888889,0
18010,300.166666666667,5.00277777777778,0
18015,300.25,5.00416666666667,0
18020,300.333333333333,5.00555555555556,0
18025,300.416666666667,5.00694444444444,0
18030,300.5,5.00833333333333,0
18035,300.583333333333,5.00972222222222,0
18040,300.666666666667,5.01111111111111,0
18045,300.75,5.0125,0
18050,300.833333333333,5.01388888888889,0
18055,300.916666666667,5.01527777777778,0
18060,301,5.01666666666667,0
18065,301.083333333333,5.01805555555556,0
18070,301.166666666667,5.01944444444444,0
18075,301.25,5.02083333333333,0
18080,301.333333333333,5.02222222222222,0
18085,301.416666666667,5.02361111111111,0
18090,301.5,5.025,0
18095,301.583333333333,5.02638888888889,0
18100,301.666666666667,5.02777777777778,0
18105,301.75,5.02916666666667,0
18110,301.833333333333,5.03055555555556,0
18115,301.916666666667,5.03194444444444,0
18120,302,5.03333333333333,0
18125,302.083333333333,5.03472222222222,0
18130,302.166666666667,5.03611111111111,0
18135,302.25,5.0375,0
18140,302.333333333333,5.03888888888889,0
18145,302.416666666667,5.04027777777778,0
18150,302.5,5.04166666666667,0
18155,302.583333333333,5.04305555555556,0
18160,302.666666666667,5.04444444444444,0
18165,302.75,5.04583333333333,0
18170,302.833333333333,5.04722222222222,0
18175,302.916666666667,5.04861111111111,0
18180,303,5.05,0
18185,303.083333333333,5.05138888888889,0
18190,303.166666666667,5.05277777777778,0
18195,303.25,5.05416666666667,0
18200,303.333333333333,5.05555555555556,0
18205,303.416666666667,5.05694444444444,0
18210,303.5,5.05833333333333,0
18215,303.583333333333,5.05972222222222,0
18220,303.666666666667,5.06111111111111,0
18225,303.75,5.0625,0
18230,303.833333333333,5.06388888888889,0
18235,303.916666666667,5.06527777777778,0
18240,304,5.06666666666667,0
18245,304.083333333333,5.06805555555556,0
18250,304.166666666667,5.06944444444444,0
18255,304.25,5.07083333333333,0
18260,304.333333333333,5.07222222222222,0
18265,304.416666666667,5.07361111111111,0
18270,304.5,5.075,0
18275,304.583333333333,5.07638888888889,0
18280,304.666666666667,5.07777777777778,0
18285,304.75,5.07916666666667,0
18290,304.833333333333,5.08055555555556,0
18295,304.916666666667,5.08194444444444,0
18300,305,5.08333333333333,0
18305,305.083333333333,5.08472222222222,0
18310,305.166666666667,5.08611111111111,0
18315,305.25,5.0875,0
18320,305.333333333333,5.08888888888889,0
18325,305.416666666667,5.09027777777778,0
18330,305.5,5.09166666666667,0
18335,305.583333333333,5.09305555555556,0
18340,305.666666666667,5.09444444444444,0
18345,305.75,5.09583333333333,0
18350,305.833333333333,5.09722222222222,0
18355,305.916666666667,5.09861111111111,0
18360,306,5.1,0
18365,306.083333333333,5.10138888888889,0
18370,306.166666666667,5.10277777777778,0
18375,306.25,5.10416666666667,0
18380,306.333333333333,5.10555555555556,0
18385,306.416666666667,5.10694444444444,0
18390,306.5,5.10833333333333,0
18395,306.583333333333,5.10972222222222,0
18400,306.666666666667,5.11111111111111,0
18405,306.75,5.1125,0
18410,306.833333333333,5.11388888888889,0
18415,306.916666666667,5.11527777777778,0
18420,307,5.11666666666667,0
18425,307.083333333333,5.11805555555556,0
18430,307.166666666667,5.11944444444444,0
18435,307.25,5.12083333333333,0
18440,307.333333333333,5.12222222222222,0
18445,307.416666666667,5.12361111111111,0
18450,307.5,5.125,0
18455,307.583333333333,5.12638888888889,0
18460,307.666666666667,5.12777777777778,0
18465,307.75,5.12916666666667,0
18470,307.833333333333,5.13055555555556,0
18475,307.916666666667,5.13194444444444,0
18480,308,5.13333333333333,0
18485,308.083333333333,5.13472222222222,0
18490,308.166666666667,5.13611111111111,0
18495,308.25,5.1375,0
18500,308.333333333333,5.13888888888889,0
18505,308.416666666667,5.14027777777778,0
18510,308.5,5.14166666666667,0
18515,308.583333333333,5.14305555555556,0
18520,308.666666666667,5.14444444444444,0
18525,308.75,5.14583333333333,0
18530,308.833333333333,5.14722222222222,0
18535,308.916666666667,5.14861111111111,0
18540,309,5.15,0
18545,309.083333333333,5.15138888888889,0
18550,309.166666666667,5.15277777777778,0
18555,309.25,5.15416666666667,0
18560,309.333333333333,5.15555555555556,0
18565,309.416666666667,5.15694444444444,0
18570,309.5,5.15833333333333,0
18575,309.583333333333,5.15972222222222,0
18580,309.666666666667,5.16111111111111,0
18585,309.75,5.1625,0
18590,309.833333333333,5.16388888888889,0
18595,309.916666666667,5.16527777777778,0
18600,310,5.16666666666667,0
18605,310.083333333333,5.16805555555556,0
18610,310.166666666667,5.16944444444444,0
18615,310.25,5.17083333333333,0
18620,310.333333333333,5.17222222222222,0
18625,310.416666666667,5.17361111111111,0
18630,310.5,5.175,0
18635,310.583333333333,5.17638888888889,0
18640,310.666666666667,5.17777777777778,0
18645,310.75,5.17916666666667,0
18650,310.833333333333,5.18055555555556,0
18655,310.916666666667,5.18194444444444,0
18660,311,5.18333333333333,0
18665,311.083333333333,5.18472222222222,0
18670,311.166666666667,5.18611111111111,0
18675,311.25,5.1875,0
18680,311.333333333333,5.18888888888889,0
18685,311.416666666667,5.19027777777778,0
18690,311.5,5.19166666666667,0
18695,311.583333333333,5.19305555555556,0
18700,311.666666666667,5.19444444444444,0
18705,311.75,5.19583333333333,0
18710,311.833333333333,5.19722222222222,0
18715,311.916666666667,5.19861111111111,0
18720,312,5.2,0
18725,312.083333333333,5.20138888888889,0
18730,312.166666666667,5.20277777777778,0
18735,312.25,5.20416666666667,0
18740,312.333333333333,5.20555555555556,0
18745,312.416666666667,5.20694444444444,0
18750,312.5,5.20833333333333,0
18755,312.583333333333,5.20972222222222,0
18760,312.666666666667,5.21111111111111,0
18765,312.75,5.2125,0
18770,312.833333333333,5.21388888888889,0
18775,312.916666666667,5.21527777777778,0
18780,313,5.21666666666667,0
18785,313.083333333333,5.21805555555556,0
18790,313.166666666667,5.21944444444444,0
18795,313.25,5.22083333333333,0
18800,313.333333333333,5.22222222222222,0
18805,313.416666666667,5.22361111111111,0
18810,313.5,5.225,0
18815,313.583333333333,5.22638888888889,0
18820,313.666666666667,5.22777777777778,0
18825,313.75,5.22916666666667,0
18830,313.833333333333,5.23055555555556,0
18835,313.916666666667,5.23194444444444,0
18840,314,5.23333333333333,0
18845,314.083333333333,5.23472222222222,0
18850,314.166666666667,5.23611111111111,0
18855,314.25,5.2375,0
18860,314.333333333333,5.23888888888889,0
18865,314.416666666667,5.24027777777778,0
18870,314.5,5.24166666666667,0
18875,314.583333333333,5.24305555555556,0
18880,314.666666666667,5.24444444444444,0
18885,314.75,5.24583333333333,0
18890,314.833333333333,5.24722222222222,0
18895,314.916666666667,5.24861111111111,0
18900,315,5.25,0
18905,315.083333333333,5.25138888888889,0
18910,315.166666666667,5.25277777777778,0
18915,315.25,5.25416666666667,0
18920,315.333333333333,5.25555555555556,0
18925,315.416666666667,5.25694444444444,0
18930,315.5,5.25833333333333,0
18935,315.583333333333,5.25972222222222,0
18940,315.666666666667,5.26111111111111,0
18945,315.75,5.2625,0
18950,315.833333333333,5.26388888888889,0
18955,315.916666666667,5.26527777777778,0
18960,316,5.26666666666667,0
18965,316.083333333333,5.26805555555556,0
18970,316.166666666667,5.26944444444444,0
18975,316.25,5.27083333333333,0
18980,316.333333333333,5.27222222222222,0
18985,316.416666666667,5.27361111111111,0
18990,316.5,5.275,0
18995,316.583333333333,5.27638888888889,0
19000,316.666666666667,5.27777777777778,0
19005,316.75,5.27916666666667,0
19010,316.833333333333,5.28055555555556,0
19015,316.916666666667,5.28194444444444,0
19020,317,5.28333333333333,0
19025,317.083333333333,5.28472222222222,0
19030,317.166666666667,5.28611111111111,0
19035,317.25,5.2875,0
19040,317.333333333333,5.28888888888889,0
19045,317.416666666667,5.29027777777778,0
19050,317.5,5.29166666666667,0
19055,317.583333333333,5.29305555555556,0
19060,317.666666666667,5.29444444444444,0
19065,317.75,5.29583333333333,0
19070,317.833333333333,5.29722222222222,0
19075,317.916666666667,5.29861111111111,0
19080,318,5.3,0
19085,318.083333333333,5.30138888888889,0
19090,318.166666666667,5.30277777777778,0
19095,318.25,5.30416666666667,0
19100,318.333333333333,5.30555555555556,0
19105,318.416666666667,5.30694444444444,0
19110,318.5,5.30833333333333,0
19115,318.583333333333,5.30972222222222,0
19120,318.666666666667,5.31111111111111,0
19125,318.75,5.3125,0
19130,318.833333333333,5.31388888888889,0
19135,318.916666666667,5.31527777777778,0
19140,319,5.31666666666667,0
19145,319.083333333333,5.31805555555556,0
19150,319.166666666667,5.31944444444444,0
19155,319.25,5.32083333333333,0
19160,319.333333333333,5.32222222222222,0
19165,319.416666666667,5.32361111111111,0
19170,319.5,5.325,0
19175,319.583333333333,5.32638888888889,0
19180,319.666666666667,5.32777777777778,0
19185,319.75,5.32916666666667,0
19190,319.833333333333,5.33055555555556,0
19195,319.916666666667,5.33194444444444,0
19200,320,5.33333333333333,0
19205,320.083333333333,5.33472222222222,0
19210,320.166666666667,5.33611111111111,0
19215,320.25,5.3375,0
19220,320.333333333333,5.33888888888889,0
19225,320.416666666667,5.34027777777778,0
19230,320.5,5.34166666666667,0
19235,320.583333333333,5.34305555555556,0
19240,320.666666666667,5.34444444444444,0
19245,320.75,5.34583333333333,0
19250,320.833333333333,5.34722222222222,0
19255,320.916666666667,5.34861111111111,0
19260,321,5.35,0
19265,321.083333333333,5.35138888888889,0
19270,321.166666666667,5.35277777777778,0
19275,321.25,5.35416666666667,0
19280,321.333333333333,5.35555555555556,0
19285,321.416666666667,5.35694444444444,0
19290,321.5,5.35833333333333,0
19295,321.583333333333,5.35972222222222,0
19300,321.666666666667,5.36111111111111,0
19305,321.75,5.3625,0
19310,321.833333333333,5.36388888888889,0
19315,321.916666666667,5.36527777777778,0
19320,322,5.36666666666667,0
19325,322.083333333333,5.36805555555556,0
19330,322.166666666667,5.36944444444444,0
19335,322.25,5.37083333333333,0
19340,322.333333333333,5.37222222222222,0
19345,322.416666666667,5.37361111111111,0
19350,322.5,5.375,0
19355,322.583333333333,5.37638888888889,0
19360,322.666666666667,5.37777777777778,0
19365,322.75,5.37916666666667,0
19370,322.833333333333,5.38055555555556,0
19375,322.916666666667,5.38194444444444,0
19380,323,5.38333333333333,0
19385,323.083333333333,5.38472222222222,0
19390,323.166666666667,5.38611111111111,0
19395,323.25,5.3875,0
19400,323.333333333333,5.38888888888889,0
19405,323.416666666667,5.39027777777778,0
19410,323.5,5.39166666666667,0
19415,323.583333333333,5.39305555555556,0
19420,323.666666666667,5.39444444444444,0
19425,323.75,5.39583333333333,0
19430,323.833333333333,5.39722222222222,0
19435,323.916666666667,5.39861111111111,0
19440,324,5.4,0
19445,324.083333333333,5.40138888888889,0
19450,324.166666666667,5.40277777777778,0
19455,324.25,5.40416666666667,0
19460,324.333333333333,5.40555555555556,0
19465,324.416666666667,5.40694444444444,0
19470,324.5,5.40833333333333,0
19475,324.583333333333,5.40972222222222,0
19480,324.666666666667,5.41111111111111,0
19485,324.75,5.4125,0
19490,324.833333333333,5.41388888888889,0
19495,324.916666666667,5.41527777777778,0
19500,325,5.41666666666667,0
19505,325.083333333333,5.41805555555556,0
19510,325.166666666667,5.41944444444444,0
19515,325.25,5.42083333333333,0
19520,325.333333333333,5.42222222222222,0
19525,325.416666666667,5.42361111111111,0
19530,325.5,5.425,0
19535,325.583333333333,5.42638888888889,0
19540,325.666666666667,5.42777777777778,0
19545,325.75,5.42916666666667,0
19550,325.833333333333,5.43055555555556,0
19555,325.916666666667,5.43194444444444,0
19560,326,5.43333333333333,0
19565,326.083333333333,5.43472222222222,0
19570,326.166666666667,5.43611111111111,0
19575,326.25,5.4375,0
19580,326.333333333333,5.43888888888889,0
19585,326.416666666667,5.44027777777778,0
19590,326.5,5.44166666666667,0
19595,326.583333333333,5.44305555555556,0
19600,326.666666666667,5.44444444444444,0
19605,326.75,5.44583333333333,0
19610,326.833333333333,5.44722222222222,0
19615,326.916666666667,5.44861111111111,0
19620,327,5.45,0
19625,327.083333333333,5.45138888888889,0
19630,327.166666666667,5.45277777777778,0
19635,327.25,5.45416666666667,0
19640,327.333333333333,5.45555555555556,0
19645,327.416666666667,5.45694444444444,0
19650,327.5,5.45833333333333,0
19655,327.583333333333,5.45972222222222,0
19660,327.666666666667,5.46111111111111,0
19665,327.75,5.4625,0
19670,327.833333333333,5.46388888888889,0
19675,327.916666666667,5.46527777777778,0
19680,328,5.46666666666667,0
19685,328.083333333333,5.46805555555556,0
19690,328.166666666667,5.46944444444444,0
19695,328.25,5.47083333333333,0
19700,328.333333333333,5.47222222222222,0
19705,328.416666666667,5.47361111111111,0
19710,328.5,5.475,0
19715,328.583333333333,5.47638888888889,0
19720,328.666666666667,5.47777777777778,0
19725,328.75,5.47916666666667,0
19730,328.833333333333,5.48055555555556,0
19735,328.916666666667,5.48194444444444,0
19740,329,5.48333333333333,0
19745,329.083333333333,5.48472222222222,0
19750,329.166666666667,5.48611111111111,0
19755,329.25,5.4875,0
19760,329.333333333333,5.48888888888889,0
19765,329.416666666667,5.49027777777778,0
19770,329.5,5.49166666666667,0
19775,329.583333333333,5.49305555555556,0
19780,329.666666666667,5.49444444444444,0
19785,329.75,5.49583333333333,0
19790,329.833333333333,5.49722222222222,0
19795,329.916666666667,5.49861111111111,0
19800,330,5.5,0
19805,330.083333333333,5.50138888888889,0
19810,330.166666666667,5.50277777777778,0
19815,330.25,5.50416666666667,0
19820,330.333333333333,5.50555555555556,0
19825,330.416666666667,5.50694444444444,0
19830,330.5,5.50833333333333,0
19835,330.583333333333,5.50972222222222,0
19840,330.666666666667,5.51111111111111,0
19845,330.75,5.5125,0
19850,330.833333333333,5.51388888888889,0
19855,330.916666666667,5.51527777777778,0
19860,331,5.51666666666667,0
19865,331.083333333333,5.51805555555556,0
19870,331.166666666667,5.51944444444444,0
19875,331.25,5.52083333333333,0
19880,331.333333333333,5.52222222222222,0
19885,331.416666666667,5.52361111111111,0
19890,331.5,5.525,0
19895,331.583333333333,5.52638888888889,0
19900,331.666666666667,5.52777777777778,0
19905,331.75,5.52916666666667,0
19910,331.833333333333,5.53055555555556,0
19915,331.916666666667,5.53194444444444,0
19920,332,5.53333333333333,0
19925,332.083333333333,5.53472222222222,0
19930,332.166666666667,5.53611111111111,0
19935,332.25,5.5375,0
19940,332.333333333333,5.53888888888889,0
19945,332.416666666667,5.54027777777778,0
19950,332.5,5.54166666666667,0
19955,332.583333333333,5.54305555555556,0
19960,332.666666666667,5.54444444444444,0
19965,332.75,5.54583333333333,0
19970,332.833333333333,5.54722222222222,0
19975,332.916666666667,5.54861111111111,0
19980,333,5.55,0
19985,333.083333333333,5.55138888888889,0
19990,333.166666666667,5.55277777777778,0
19995,333.25,5.55416666666667,0
20000,333.333333333333,5.55555555555556,0
20005,333.416666666667,5.55694444444444,0
20010,333.5,5.55833333333333,0
20015,333.583333333333,5.55972222222222,0
20020,333.666666666667,5.56111111111111,0
20025,333.75,5.5625,0
20030,333.833333333333,5.56388888888889,0
20035,333.916666666667,5.56527777777778,0
20040,334,5.56666666666667,0
20045,334.083333333333,5.56805555555556,0
20050,334.166666666667,5.56944444444444,0
20055,334.25,5.57083333333333,0
20060,334.333333333333,5.57222222222222,0
20065,334.416666666667,5.57361111111111,0
20070,334.5,5.575,0
20075,334.583333333333,5.57638888888889,0
20080,334.666666666667,5.57777777777778,0
20085,334.75,5.57916666666667,0
20090,334.833333333333,5.58055555555556,0
20095,334.916666666667,5.58194444444444,0
20100,335,5.58333333333333,0
20105,335.083333333333,5.58472222222222,0
20110,335.166666666667,5.58611111111111,0
20115,335.25,5.5875,0
20120,335.333333333333,5.58888888888889,0
20125,335.416666666667,5.59027777777778,0
20130,335.5,5.59166666666667,0
20135,335.583333333333,5.59305555555556,0
20140,335.666666666667,5.59444444444444,0
20145,335.75,5.59583333333333,0
20150,335.833333333333,5.59722222222222,0
20155,335.916666666667,5.59861111111111,0
20160,336,5.6,0
20165,336.083333333333,5.60138888888889,0
20170,336.166666666667,5.60277777777778,0
20175,336.25,5.60416666666667,0
20180,336.333333333333,5.60555555555556,0
20185,336.416666666667,5.60694444444444,0
20190,336.5,5.60833333333333,0
20195,336.583333333333,5.60972222222222,0
20200,336.666666666667,5.61111111111111,0
20205,336.75,5.6125,0
20210,336.833333333333,5.61388888888889,0
20215,336.916666666667,5.61527777777778,0
20220,337,5.61666666666667,0
20225,337.083333333333,5.61805555555556,0
20230,337.166666666667,5.61944444444444,0
20235,337.25,5.62083333333333,0
20240,337.333333333333,5.62222222222222,0
20245,337.416666666667,5.62361111111111,0
20250,337.5,5.625,0
20255,337.583333333333,5.62638888888889,0
20260,337.666666666667,5.62777777777778,0
20265,337.75,5.62916666666667,0
20270,337.833333333333,5.63055555555556,0
20275,337.916666666667,5.63194444444444,0
20280,338,5.63333333333333,0
20285,338.083333333333,5.63472222222222,0
20290,338.166666666667,5.63611111111111,0
20295,338.25,5.6375,0
20300,338.333333333333,5.63888888888889,0
20305,338.416666666667,5.64027777777778,0
20310,338.5,5.64166666666667,0
20315,338.583333333333,5.64305555555556,0
20320,338.666666666667,5.64444444444444,0
20325,338.75,5.64583333333333,0
20330,338.833333333333,5.64722222222222,0
20335,338.916666666667,5.64861111111111,0
20340,339,5.65,0
20345,339.083333333333,5.65138888888889,0
20350,339.166666666667,5.65277777777778,0
20355,339.25,5.65416666666667,0
20360,339.333333333333,5.65555555555556,0
20365,339.416666666667,5.65694444444444,0
20370,339.5,5.65833333333333,0
20375,339.583333333333,5.65972222222222,0
20380,339.666666666667,5.66111111111111,0
20385,339.75,5.6625,0
20390,339.833333333333,5.66388888888889,0
20395,339.916666666667,5.66527777777778,0
20400,340,5.66666666666667,0
20405,340.083333333333,5.66805555555556,0
20410,340.166666666667,5.66944444444444,0
20415,340.25,5.67083333333333,0
20420,340.333333333333,5.67222222222222,0
20425,340.416666666667,5.67361111111111,0
20430,340.5,5.675,0
20435,340.583333333333,5.67638888888889,0
20440,340.666666666667,5.67777777777778,0
20445,340.75,5.67916666666667,0
20450,340.833333333333,5.68055555555556,0
20455,340.916666666667,5.68194444444444,0
20460,341,5.68333333333333,0
20465,341.083333333333,5.68472222222222,0
20470,341.166666666667,5.68611111111111,0
20475,341.25,5.6875,0
20480,341.333333333333,5.68888888888889,0
20485,341.416666666667,5.69027777777778,0
20490,341.5,5.69166666666667,0
20495,341.583333333333,5.69305555555556,0
20500,341.666666666667,5.69444444444444,0
20505,341.75,5.69583333333333,0
20510,341.833333333333,5.69722222222222,0
20515,341.916666666667,5.69861111111111,0
20520,342,5.7,0
20525,342.083333333333,5.70138888888889,0
20530,342.166666666667,5.70277777777778,0
20535,342.25,5.70416666666667,0
20540,342.333333333333,5.70555555555556,0
20545,342.416666666667,5.70694444444444,0
20550,342.5,5.70833333333333,0
20555,342.583333333333,5.70972222222222,0
20560,342.666666666667,5.71111111111111,0
20565,342.75,5.7125,0
20570,342.833333333333,5.71388888888889,0
20575,342.916666666667,5.71527777777778,0
20580,343,5.71666666666667,0
20585,343.083333333333,5.71805555555556,0
20590,343.166666666667,5.71944444444444,0
20595,343.25,5.72083333333333,0
20600,343.333333333333,5.72222222222222,0
20605,343.416666666667,5.72361111111111,0
20610,343.5,5.725,0
20615,343.583333333333,5.72638888888889,0
20620,343.666666666667,5.72777777777778,0
20625,343.75,5.72916666666667,0
20630,343.833333333333,5.73055555555556,0
20635,343.916666666667,5.73194444444444,0
20640,344,5.73333333333333,0
20645,344.083333333333,5.73472222222222,0
20650,344.166666666667,5.73611111111111,0
20655,344.25,5.7375,0
20660,344.333333333333,5.73888888888889,0
20665,344.416666666667,5.74027777777778,0
20670,344.5,5.74166666666667,0
20675,344.583333333333,5.74305555555556,0
20680,344.666666666667,5.74444444444444,0
20685,344.75,5.74583333333333,0
20690,344.833333333333,5.74722222222222,0
20695,344.916666666667,5.74861111111111,0
20700,345,5.75,0
20705,345.083333333333,5.75138888888889,0
20710,345.166666666667,5.75277777777778,0
20715,345.25,5.75416666666667,0
20720,345.333333333333,5.75555555555556,0
20725,345.416666666667,5.75694444444444,0
20730,345.5,5.75833333333333,0
20735,345.583333333333,5.75972222222222,0
20740,345.666666666667,5.76111111111111,0
20745,345.75,5.7625,0
20750,345.833333333333,5.76388888888889,0
20755,345.916666666667,5.76527777777778,0
20760,346,5.76666666666667,0
20765,346.083333333333,5.76805555555556,0
20770,346.166666666667,5.76944444444444,0
20775,346.25,5.77083333333333,0
20780,346.333333333333,5.77222222222222,0
20785,346.416666666667,5.77361111111111,0
20790,346.5,5.775,0
20795,346.583333333333,5.77638888888889,0
20800,346.666666666667,5.77777777777778,0
20805,346.75,5.77916666666667,0
20810,346.833333333333,5.78055555555556,0
20815,346.916666666667,5.78194444444444,0
20820,347,5.78333333333333,0
20825,347.083333333333,5.78472222222222,0
20830,347.166666666667,5.78611111111111,0
20835,347.25,5.7875,0
20840,347.333333333333,5.78888888888889,0
20845,347.416666666667,5.79027777777778,0
20850,347.5,5.79166666666667,0
20855,347.583333333333,5.79305555555556,0
20860,347.666666666667,5.79444444444444,0
20865,347.75,5.79583333333333,0
20870,347.833333333333,5.79722222222222,0
20875,347.916666666667,5.79861111111111,0
20880,348,5.8,0
20885,348.083333333333,5.80138888888889,0
20890,348.166666666667,5.80277777777778,0
20895,348.25,5.80416666666667,0
20900,348.333333333333,5.80555555555556,0
20905,348.416666666667,5.80694444444444,0
20910,348.5,5.80833333333333,0
20915,348.583333333333,5.80972222222222,0
20920,348.666666666667,5.81111111111111,0
20925,348.75,5.8125,0
20930,348.833333333333,5.81388888888889,0
20935,348.916666666667,5.81527777777778,0
20940,349,5.81666666666667,0
20945,349.083333333333,5.81805555555556,0
20950,349.166666666667,5.81944444444444,0
20955,349.25,5.82083333333333,0
20960,349.333333333333,5.82222222222222,0
20965,349.416666666667,5.82361111111111,0
20970,349.5,5.825,0
20975,349.583333333333,5.82638888888889,0
20980,349.666666666667,5.82777777777778,0
20985,349.75,5.82916666666667,0
20990,349.833333333333,5.83055555555556,0
20995,349.916666666667,5.83194444444444,0
21000,350,5.83333333333333,0
21005,350.083333333333,5.83472222222222,0
21010,350.166666666667,5.83611111111111,0
21015,350.25,5.8375,0
21020,350.333333333333,5.83888888888889,0
21025,350.416666666667,5.84027777777778,0
21030,350.5,5.84166666666667,0
21035,350.583333333333,5.84305555555556,0
21040,350.666666666667,5.84444444444444,0
21045,350.75,5.84583333333333,0
21050,350.833333333333,5.84722222222222,0
21055,350.916666666667,5.84861111111111,0
21060,351,5.85,0
21065,351.083333333333,5.85138888888889,0
21070,351.166666666667,5.85277777777778,0
21075,351.25,5.85416666666667,0
21080,351.333333333333,5.85555555555556,0
21085,351.416666666667,5.85694444444444,0
21090,351.5,5.85833333333333,0
21095,351.583333333333,5.85972222222222,0
21100,351.666666666667,5.86111111111111,0
21105,351.75,5.8625,0
21110,351.833333333333,5.86388888888889,0
21115,351.916666666667,5.86527777777778,0
21120,352,5.86666666666667,0
21125,352.083333333333,5.86805555555556,0
21130,352.166666666667,5.86944444444444,0
21135,352.25,5.87083333333333,0
21140,352.333333333333,5.87222222222222,0
21145,352.416666666667,5.87361111111111,0
21150,352.5,5.875,0
21155,352.583333333333,5.87638888888889,0
21160,352.666666666667,5.87777777777778,0
21165,352.75,5.87916666666667,0
21170,352.833333333333,5.88055555555556,0
21175,352.916666666667,5.88194444444444,0
21180,353,5.88333333333333,0
21185,353.083333333333,5.88472222222222,0
21190,353.166666666667,5.88611111111111,0
21195,353.25,5.8875,0
21200,353.333333333333,5.88888888888889,0
21205,353.416666666667,5.89027777777778,0
21210,353.5,5.89166666666667,0
21215,353.583333333333,5.89305555555556,0
21220,353.666666666667,5.89444444444444,0
21225,353.75,5.89583333333333,0
21230,353.833333333333,5.89722222222222,0
21235,353.916666666667,5.89861111111111,0
21240,354,5.9,0
21245,354.083333333333,5.90138888888889,0
21250,354.166666666667,5.90277777777778,0
21255,354.25,5.90416666666667,0
21260,354.333333333333,5.90555555555556,0
21265,354.416666666667,5.90694444444444,0
21270,354.5,5.90833333333333,0
21275,354.583333333333,5.90972222222222,0
21280,354.666666666667,5.91111111111111,0
21285,354.75,5.9125,0
21290,354.833333333333,5.91388888888889,0
21295,354.916666666667,5.91527777777778,0
21300,355,5.91666666666667,0
21305,355.083333333333,5.91805555555556,0
21310,355.166666666667,5.91944444444444,0
21315,355.25,5.92083333333333,0
21320,355.333333333333,5.92222222222222,0
21325,355.416666666667,5.92361111111111,0
21330,355.5,5.925,0
21335,355.583333333333,5.92638888888889,0
21340,355.666666666667,5.92777777777778,0
21345,355.75,5.92916666666667,0
21350,355.833333333333,5.93055555555556,0
21355,355.916666666667,5.93194444444444,0
21360,356,5.93333333333333,0
21365,356.083333333333,5.93472222222222,0
21370,356.166666666667,5.93611111111111,0
21375,356.25,5.9375,0
21380,356.333333333333,5.93888888888889,0
21385,356.416666666667,5.94027777777778,0
21390,356.5,5.94166666666667,0
21395,356.583333333333,5.94305555555556,0
21400,356.666666666667,5.94444444444444,0
21405,356.75,5.94583333333333,0
21410,356.833333333333,5.94722222222222,0
21415,356.916666666667,5.94861111111111,0
21420,357,5.95,0
21425,357.083333333333,5.95138888888889,0
21430,357.166666666667,5.95277777777778,0
21435,357.25,5.95416666666667,0
21440,357.333333333333,5.95555555555556,0
21445,357.416666666667,5.95694444444444,0
21450,357.5,5.95833333333333,0
21455,357.583333333333,5.95972222222222,0
21460,357.666666666667,5.96111111111111,0
21465,357.75,5.9625,0
21470,357.833333333333,5.96388888888889,0
21475,357.916666666667,5.96527777777778,0
21480,358,5.96666666666667,0
21485,358.083333333333,5.96805555555556,0
21490,358.166666666667,5.96944444444444,0
21495,358.25,5.97083333333333,0
21500,358.333333333333,5.97222222222222,0
21505,358.416666666667,5.97361111111111,0
21510,358.5,5.975,0
21515,358.583333333333,5.97638888888889,0
21520,358.666666666667,5.97777777777778,0
21525,358.75,5.97916666666667,0
21530,358.833333333333,5.98055555555556,0
21535,358.916666666667,5.98194444444444,0
21540,359,5.98333333333333,0
21545,359.083333333333,5.98472222222222,0
21550,359.166666666667,5.98611111111111,0
21555,359.25,5.9875,0
21560,359.333333333333,5.98888888888889,0
21565,359.416666666667,5.99027777777778,0
21570,359.5,5.99166666666667,0
21575,359.583333333333,5.99305555555556,0
21580,359.666666666667,5.99444444444444,0
21585,359.75,5.99583333333333,0
21590,359.833333333333,5.99722222222222,0
21595,359.916666666667,5.99861111111111,0
21600,360,6,0
